wall,sim,status,arm_joint1,arm_joint2,arm_joint3,arm_joint4,arm_joint5,r_joint,cube_z,tcp_z,cube_tcp,cube_right,cube_left
0.0137,145.2880,Opening gripper and moving camera/gripper to the visually aligned cube,-0.000351,-0.499694,1.279747,1.700073,-0.000385,1.000016,0.020000,0.271172,0.292252,0.310561,0.306800
0.0323,145.3080,Opening gripper and moving camera/gripper to the visually aligned cube,-0.000616,-0.499694,1.279748,1.700072,-0.000184,1.000009,0.020000,0.271174,0.292253,0.310568,0.306796
0.0543,145.3280,Opening gripper and moving camera/gripper to the visually aligned cube,-0.000323,-0.499694,1.279748,1.700072,0.000183,1.000009,0.020000,0.271175,0.292254,0.310567,0.306800
0.0722,145.3480,Opening gripper and moving camera/gripper to the visually aligned cube,-0.000323,-0.499694,1.279748,1.700072,0.000183,1.000009,0.020000,0.271177,0.292256,0.310573,0.306797
0.0921,145.3680,Opening gripper and moving camera/gripper to the visually aligned cube,-0.000328,-0.499694,1.279748,1.700072,-0.000189,1.000009,0.020000,0.271179,0.292257,0.310569,0.306802
0.1143,145.3880,Opening gripper and moving camera/gripper to the visually aligned cube,-0.000652,-0.499694,1.279748,1.700072,-0.000185,1.000009,0.020000,0.271180,0.292258,0.310576,0.306799
0.1351,145.4080,Opening gripper and moving camera/gripper to the visually aligned cube,-0.000331,-0.499694,1.279748,1.700072,-0.000390,1.000009,0.020000,0.271181,0.292259,0.310573,0.306804
0.1538,145.4280,Opening gripper and moving camera/gripper to the visually aligned cube,-0.000331,-0.499694,1.279748,1.700072,-0.000390,1.000009,0.020000,0.271182,0.292259,0.310578,0.306800
0.1743,145.4480,Opening gripper and moving camera/gripper to the visually aligned cube,-0.000334,-0.499693,1.279748,1.700072,-0.000187,1.000009,0.020000,0.271184,0.292260,0.310574,0.306805
0.1996,145.4680,Opening gripper and moving camera/gripper to the visually aligned cube,-0.000334,-0.499693,1.279748,1.700072,-0.000187,1.000009,0.020000,0.271184,0.292260,0.310590,0.306790
0.2199,145.4880,Opening gripper and moving camera/gripper to the visually aligned cube,-0.000649,-0.499693,1.279748,1.700072,0.000187,1.000009,0.020000,0.271185,0.292262,0.310576,0.306806
0.2411,145.5080,Opening gripper and moving camera/gripper to the visually aligned cube,-0.000647,-0.499693,1.279748,1.700072,-0.000190,1.000009,0.020000,0.271186,0.292262,0.310582,0.306801
0.2613,145.5280,Opening gripper and moving camera/gripper to the visually aligned cube,-0.000337,-0.499693,1.279749,1.700072,0.000187,1.000009,0.020000,0.271186,0.292252,0.310568,0.306795
0.3026,145.5680,Opening gripper and moving camera/gripper to the visually aligned cube,-0.000338,-0.497326,1.278565,1.699599,-0.000191,1.000009,0.020000,0.271151,0.292006,0.310322,0.306550
0.3027,145.5680,Opening gripper and moving camera/gripper to the visually aligned cube,-0.000338,-0.497326,1.278565,1.699599,-0.000191,1.000009,0.020000,0.271151,0.292006,0.310322,0.306550
0.3186,145.5880,Opening gripper and moving camera/gripper to the visually aligned cube,-0.000338,-0.497326,1.278565,1.699599,-0.000191,1.000009,0.020000,0.271134,0.291893,0.310225,0.306423
0.3715,145.6280,Opening gripper and moving camera/gripper to the visually aligned cube,-0.000643,-0.485334,1.272569,1.697199,-0.000191,1.000009,0.020000,0.270960,0.290820,0.309144,0.305366
0.3717,145.6380,Opening gripper and moving camera/gripper to the visually aligned cube,-0.000643,-0.485334,1.272569,1.697199,-0.000191,1.000009,0.020000,0.270960,0.290820,0.309144,0.305366
0.3806,145.6480,Opening gripper and moving camera/gripper to the visually aligned cube,-0.000643,-0.485334,1.272569,1.697199,-0.000191,1.000009,0.020000,0.270918,0.290577,0.308900,0.305124
0.3973,145.6680,Opening gripper and moving camera/gripper to the visually aligned cube,-0.000337,-0.479269,1.269536,1.695986,0.000188,1.000009,0.020000,0.270870,0.290315,0.308655,0.304850
0.4172,145.6880,Opening gripper and moving camera/gripper to the visually aligned cube,-0.000640,-0.472246,1.266025,1.694581,-0.000222,1.000009,0.020000,0.270761,0.289740,0.308068,0.304290
0.4370,145.7080,Opening gripper and moving camera/gripper to the visually aligned cube,-0.000637,-0.455502,1.257653,1.691231,0.000189,1.000009,0.020000,0.270630,0.289094,0.307439,0.303633
0.4568,145.7280,Opening gripper and moving camera/gripper to the visually aligned cube,-0.000334,-0.445823,1.252814,1.689294,-0.000221,1.000009,0.020000,0.270475,0.288377,0.306712,0.302931
0.4789,145.7480,Opening gripper and moving camera/gripper to the visually aligned cube,-0.000334,-0.445823,1.252814,1.689294,-0.000221,1.000009,0.020000,0.270192,0.287165,0.305508,0.301721
0.4969,145.7680,Opening gripper and moving camera/gripper to the visually aligned cube,-0.000634,-0.435297,1.247551,1.687188,-0.000190,1.000009,0.020000,0.269964,0.286266,0.304609,0.300831
0.5174,145.7880,Opening gripper and moving camera/gripper to the visually aligned cube,-0.000630,-0.411787,1.235797,1.682484,-0.000196,1.000009,0.020000,0.269702,0.285293,0.303645,0.299856
0.5367,145.8080,Opening gripper and moving camera/gripper to the visually aligned cube,-0.000328,-0.398843,1.229325,1.679895,0.000189,1.000009,0.020000,0.269403,0.284245,0.302598,0.298816
0.5575,145.8280,Opening gripper and moving camera/gripper to the visually aligned cube,-0.000626,-0.385133,1.222471,1.677151,-0.000218,1.000009,0.020000,0.269061,0.283120,0.301482,0.297692
0.5774,145.8480,Opening gripper and moving camera/gripper to the visually aligned cube,-0.000626,-0.385133,1.222471,1.677151,-0.000218,1.000009,0.020000,0.268874,0.282529,0.300891,0.297106
0.5957,145.8680,Opening gripper and moving camera/gripper to the visually aligned cube,-0.000324,-0.370675,1.215243,1.674259,-0.000189,1.000009,0.020000,0.268240,0.280638,0.299012,0.295218
0.6167,145.8880,Opening gripper and moving camera/gripper to the visually aligned cube,-0.000321,-0.339599,1.199706,1.668041,-0.000194,1.000009,0.020000,0.267753,0.279277,0.297652,0.293869
0.6361,145.9080,Opening gripper and moving camera/gripper to the visually aligned cube,-0.000616,-0.323021,1.191418,1.664724,0.000192,1.000009,0.020000,0.267209,0.277836,0.296224,0.292427
0.6554,145.9280,Opening gripper and moving camera/gripper to the visually aligned cube,-0.000616,-0.323021,1.191418,1.664724,0.000192,1.000009,0.020000,0.266605,0.276312,0.294702,0.290916
0.6786,145.9480,Opening gripper and moving camera/gripper to the visually aligned cube,-0.000610,-0.287881,1.173850,1.657692,0.000189,1.000009,0.020000,0.265938,0.274706,0.293109,0.289310
0.6952,145.9680,Opening gripper and moving camera/gripper to the visually aligned cube,-0.000610,-0.287881,1.173850,1.657692,0.000189,1.000009,0.020000,0.265579,0.273871,0.292275,0.288482
0.7158,145.9880,Opening gripper and moving camera/gripper to the visually aligned cube,-0.000313,-0.269359,1.164591,1.653986,-0.000213,1.000008,0.020000,0.264808,0.272137,0.290563,0.286743
0.7452,146.0080,Opening gripper and moving camera/gripper to the visually aligned cube,-0.000308,-0.230511,1.145171,1.646213,-0.000210,1.000008,0.020000,0.263524,0.269388,0.287812,0.284020
0.7629,146.0280,Opening gripper and moving camera/gripper to the visually aligned cube,-0.000308,-0.230511,1.145171,1.646213,-0.000210,1.000008,0.020000,0.263086,0.268460,0.286904,0.283082
0.7877,146.0480,Opening gripper and moving camera/gripper to the visually aligned cube,-0.000304,-0.190511,1.124615,1.637984,-0.000207,1.000008,0.020000,0.261782,0.265689,0.284131,0.280335
0.8081,146.0680,Opening gripper and moving camera/gripper to the visually aligned cube,-0.000591,-0.170511,1.113935,1.633709,0.000188,1.000008,0.020000,0.260917,0.263850,0.282305,0.278496
0.8246,146.0880,Opening gripper and moving camera/gripper to the visually aligned cube,-0.000300,-0.150511,1.103002,1.629332,-0.000203,1.000008,0.020000,0.260052,0.262017,0.280473,0.276673
0.8435,146.1080,Opening gripper and moving camera/gripper to the visually aligned cube,-0.000584,-0.130512,1.091824,1.624857,0.000187,1.000008,0.020000,0.259619,0.261102,0.279576,0.275745
0.8641,146.1280,Opening gripper and moving camera/gripper to the visually aligned cube,-0.000297,-0.110512,1.080411,1.620288,-0.000199,1.000008,0.020000,0.258316,0.258364,0.276831,0.273026
0.8832,146.1480,Opening gripper and moving camera/gripper to the visually aligned cube,-0.000297,-0.110512,1.080411,1.620288,-0.000199,1.000008,0.020000,0.257878,0.257452,0.275938,0.272102
0.9033,146.1680,Opening gripper and moving camera/gripper to the visually aligned cube,-0.000293,-0.070513,1.056923,1.610884,-0.000194,1.000007,0.020000,0.256998,0.255632,0.274108,0.270295
0.9237,146.1880,Opening gripper and moving camera/gripper to the visually aligned cube,-0.000568,-0.050514,1.044866,1.606057,0.000183,1.000007,0.020000,0.255658,0.252905,0.271390,0.267565
0.9511,146.2080,Opening gripper and moving camera/gripper to the visually aligned cube,-0.000289,-0.030515,1.032615,1.601152,-0.000188,1.000007,0.020000,0.254750,0.251088,0.269568,0.265753
0.9651,146.2280,Opening gripper and moving camera/gripper to the visually aligned cube,-0.000289,-0.030515,1.032615,1.601152,-0.000188,1.000007,0.020000,0.253825,0.249270,0.267756,0.263926
0.9868,146.2480,Opening gripper and moving camera/gripper to the visually aligned cube,-0.000560,-0.010521,1.020179,1.596173,0.000179,1.000007,0.020000,0.252890,0.247457,0.265936,0.262116
1.0070,146.2680,Opening gripper and moving camera/gripper to the visually aligned cube,-0.000551,0.029481,0.994791,1.586009,0.000173,1.000006,0.020000,0.252411,0.246547,0.265040,0.261189
1.0276,146.2880,Opening gripper and moving camera/gripper to the visually aligned cube,-0.000283,0.049482,0.981859,1.580831,-0.000175,1.000006,0.020000,0.250949,0.243815,0.262289,0.258464
1.0497,146.3080,Opening gripper and moving camera/gripper to the visually aligned cube,-0.000541,0.069481,0.968782,1.575596,0.000166,1.000006,0.020000,0.249945,0.241991,0.260466,0.256626
1.0675,146.3280,Opening gripper and moving camera/gripper to the visually aligned cube,-0.000279,0.089480,0.955570,1.570306,-0.000167,1.000006,0.020000,0.249434,0.241077,0.259545,0.255713
1.0871,146.3480,Opening gripper and moving camera/gripper to the visually aligned cube,-0.000532,0.109479,0.942232,1.564967,0.000158,1.000006,0.020000,0.247862,0.238329,0.256790,0.252947
1.1072,146.3680,Opening gripper and moving camera/gripper to the visually aligned cube,-0.000532,0.109479,0.942232,1.564967,0.000158,1.000006,0.020000,0.247324,0.237411,0.255863,0.252027
1.1267,146.3880,Opening gripper and moving camera/gripper to the visually aligned cube,-0.000522,0.149475,0.915218,1.554153,0.000147,1.000005,0.020000,0.245663,0.234645,0.253085,0.249240
1.1492,146.4080,Opening gripper and moving camera/gripper to the visually aligned cube,-0.000273,0.169474,0.901563,1.548687,-0.000149,1.000005,0.020000,0.244515,0.232792,0.251213,0.247380
1.1699,146.4280,Opening gripper and moving camera/gripper to the visually aligned cube,-0.000512,0.189472,0.887821,1.543186,0.000135,1.000005,0.020000,0.243928,0.231863,0.250291,0.246428
1.1922,146.4480,Opening gripper and moving camera/gripper to the visually aligned cube,-0.000512,0.189472,0.887821,1.543186,0.000135,1.000005,0.020000,0.242113,0.229059,0.247449,0.243615
1.2122,146.4680,Opening gripper and moving camera/gripper to the visually aligned cube,-0.000502,0.229468,0.860120,1.532098,0.000123,1.000004,0.020000,0.241489,0.228119,0.246516,0.242652
1.2338,146.4880,Opening gripper and moving camera/gripper to the visually aligned cube,-0.000502,0.229468,0.860120,1.532098,0.000123,1.000004,0.020000,0.240211,0.226231,0.244596,0.240757
1.2574,146.5080,Opening gripper and moving camera/gripper to the visually aligned cube,-0.000492,0.269469,0.832194,1.520920,0.000110,1.000004,0.020000,0.238217,0.223375,0.241713,0.237867
1.2800,146.5280,Opening gripper and moving camera/gripper to the visually aligned cube,-0.000492,0.269469,0.832194,1.520920,0.000110,1.000004,0.020000,0.236835,0.221454,0.239762,0.235932
1.2993,146.5480,Opening gripper and moving camera/gripper to the visually aligned cube,-0.000485,0.309465,0.804123,1.509685,-0.000098,1.000003,0.020000,0.235407,0.219517,0.237806,0.233967
1.3171,146.5680,Opening gripper and moving camera/gripper to the visually aligned cube,-0.000485,0.309465,0.804123,1.509685,-0.000098,1.000003,0.020000,0.234675,0.218542,0.236816,0.232982
1.3427,146.5880,Opening gripper and moving camera/gripper to the visually aligned cube,-0.000474,0.349461,0.775984,1.498424,-0.000090,1.000003,0.020000,0.232405,0.215588,0.233823,0.229989
1.3619,146.6080,Opening gripper and moving camera/gripper to the visually aligned cube,-0.000474,0.349461,0.775984,1.498424,-0.000090,1.000003,0.020000,0.231623,0.214593,0.232810,0.228985
1.3871,146.6280,Opening gripper and moving camera/gripper to the visually aligned cube,-0.000290,0.389456,0.747857,1.487168,-0.000072,1.000002,0.020000,0.230019,0.212586,0.230778,0.226949
1.4034,146.6480,Opening gripper and moving camera/gripper to the visually aligned cube,-0.000290,0.389456,0.747857,1.487168,-0.000072,1.000002,0.020000,0.228361,0.210555,0.228730,0.224880
1.4248,146.6680,Opening gripper and moving camera/gripper to the visually aligned cube,0.000267,0.429452,0.719821,1.475950,-0.000061,1.000002,0.020000,0.225768,0.207461,0.225588,0.221746
1.4466,146.6880,Opening gripper and moving camera/gripper to the visually aligned cube,-0.000285,0.449449,0.705862,1.470364,-0.000059,1.000001,0.020000,0.224875,0.206415,0.224515,0.220699
1.4642,146.7080,Opening gripper and moving camera/gripper to the visually aligned cube,-0.000509,0.469447,0.691955,1.464800,-0.000059,1.000001,0.020000,0.222105,0.203234,0.221285,0.217477
1.4845,146.7280,Opening gripper and moving camera/gripper to the visually aligned cube,0.000263,0.489445,0.678111,1.459261,-0.000058,1.000001,0.020000,0.220182,0.201074,0.219104,0.215277
1.5037,146.7480,Opening gripper and moving camera/gripper to the visually aligned cube,-0.000279,0.509443,0.664339,1.453751,-0.000057,1.000000,0.020000,0.218194,0.198879,0.216859,0.213071
1.5242,146.7680,Opening gripper and moving camera/gripper to the visually aligned cube,-0.000279,0.509443,0.664339,1.453751,-0.000057,1.000000,0.020000,0.216141,0.196647,0.214598,0.210808
1.5456,146.7880,Opening gripper and moving camera/gripper to the visually aligned cube,0.000257,0.549439,0.637051,1.442833,-0.000053,1.000000,0.020000,0.215090,0.195517,0.213447,0.209669
1.5637,146.8080,Opening gripper and moving camera/gripper to the visually aligned cube,0.000257,0.549439,0.637051,1.442833,-0.000053,1.000000,0.020000,0.211833,0.192065,0.209946,0.206179
1.5845,146.8280,Opening gripper and moving camera/gripper to the visually aligned cube,-0.000271,0.569437,0.623555,1.437434,-0.000051,0.999999,0.020000,0.210712,0.190893,0.208775,0.204978
1.6033,146.8480,Opening gripper and moving camera/gripper to the visually aligned cube,0.000250,0.609434,0.596909,1.426774,-0.000047,0.999999,0.020000,0.207242,0.187308,0.205144,0.201359
1.6234,146.8680,Opening gripper and moving camera/gripper to the visually aligned cube,0.000250,0.609434,0.596909,1.426774,-0.000047,0.999999,0.020000,0.204837,0.184859,0.202649,0.198904
1.6455,146.8880,Opening gripper and moving camera/gripper to the visually aligned cube,-0.000264,0.629432,0.583779,1.421521,-0.000045,0.999998,0.020000,0.202357,0.182359,0.200126,0.196380
1.6642,146.9080,Opening gripper and moving camera/gripper to the visually aligned cube,0.000243,0.669429,0.557953,1.411189,-0.000042,0.999998,0.020000,0.199801,0.179806,0.197560,0.193797
1.6836,146.9280,Opening gripper and moving camera/gripper to the visually aligned cube,-0.000255,0.689427,0.545277,1.406119,-0.000041,0.999998,0.020000,0.198493,0.178508,0.196238,0.192503
1.7037,146.9480,Opening gripper and moving camera/gripper to the visually aligned cube,-0.000449,0.709426,0.532772,1.401116,-0.000040,0.999997,0.020000,0.194452,0.174529,0.192227,0.188503
1.7242,146.9680,Opening gripper and moving camera/gripper to the visually aligned cube,0.000235,0.729425,0.520449,1.396187,-0.000042,0.999997,0.020000,0.191657,0.171801,0.189493,0.185752
1.7478,146.9880,Opening gripper and moving camera/gripper to the visually aligned cube,-0.000247,0.749423,0.508317,1.391333,-0.000083,0.999997,0.020000,0.188779,0.169009,0.186671,0.182969
1.7651,147.0080,Opening gripper and moving camera/gripper to the visually aligned cube,-0.000434,0.769422,0.496386,1.386561,0.000053,0.999996,0.020000,0.185819,0.166151,0.183807,0.180102
1.7850,147.0280,Opening gripper and moving camera/gripper to the visually aligned cube,0.000227,0.789421,0.484666,1.381872,-0.000057,0.999996,0.020000,0.184306,0.164696,0.182344,0.178651
1.8259,147.0580,Opening gripper and moving camera/gripper to the visually aligned cube,-0.000239,0.809420,0.473167,1.377272,-0.000090,0.999996,0.020000,0.178044,0.158699,0.176362,0.172644
1.8262,147.0680,Opening gripper and moving camera/gripper to the visually aligned cube,-0.000239,0.809420,0.473167,1.377272,-0.000090,0.999996,0.020000,0.178044,0.158699,0.176362,0.172644
1.8516,147.0880,Opening gripper and moving camera/gripper to the visually aligned cube,0.000219,0.849418,0.450871,1.368353,-0.000113,0.999995,0.020000,0.173118,0.154005,0.171677,0.167969
1.8647,147.1080,Opening gripper and moving camera/gripper to the visually aligned cube,-0.000230,0.869417,0.440095,1.364042,-0.000114,0.999995,0.020000,0.169723,0.150776,0.168447,0.164776
1.8881,147.1280,Opening gripper and moving camera/gripper to the visually aligned cube,-0.000407,0.889416,0.429579,1.359835,-0.000115,0.999995,0.020000,0.167992,0.149132,0.166831,0.163124
1.9235,147.1480,Opening gripper and moving camera/gripper to the visually aligned cube,-0.000407,0.889416,0.429579,1.359835,-0.000115,0.999995,0.020000,0.160844,0.142341,0.160085,0.156408
1.9275,147.1680,Opening gripper and moving camera/gripper to the visually aligned cube,-0.000223,0.929414,0.409368,1.351750,-0.000117,0.999994,0.020000,0.159000,0.140589,0.158347,0.154682
1.9495,147.1880,Opening gripper and moving camera/gripper to the visually aligned cube,-0.000394,0.949414,0.399693,1.347879,-0.000118,0.999994,0.020000,0.155244,0.137017,0.154825,0.151151
1.9674,147.2080,Opening gripper and moving camera/gripper to the visually aligned cube,-0.000394,0.949414,0.399693,1.347879,-0.000118,0.999994,0.020000,0.153332,0.135197,0.153028,0.149360
1.9876,147.2280,Opening gripper and moving camera/gripper to the visually aligned cube,-0.000215,0.989412,0.381254,1.340503,-0.000120,0.999993,0.020000,0.149439,0.131485,0.149381,0.145702
2.0084,147.2480,Opening gripper and moving camera/gripper to the visually aligned cube,-0.000382,1.009411,0.372509,1.337004,-0.000120,0.999993,0.020000,0.143427,0.125737,0.143742,0.140062
2.0272,147.2680,Opening gripper and moving camera/gripper to the visually aligned cube,-0.000382,1.009411,0.372509,1.337004,-0.000120,0.999993,0.020000,0.139306,0.121781,0.139889,0.136176
2.0489,147.2880,Opening gripper and moving camera/gripper to the visually aligned cube,-0.000208,1.049409,0.356020,1.330408,-0.000122,0.999993,0.020000,0.135093,0.117723,0.135915,0.132233
2.0670,147.3080,Opening gripper and moving camera/gripper to the visually aligned cube,-0.000208,1.049409,0.356020,1.330408,-0.000122,0.999993,0.020000,0.132953,0.115655,0.133925,0.130198
2.0879,147.3280,Opening gripper and moving camera/gripper to the visually aligned cube,0.000189,1.089407,0.340931,1.324371,-0.000124,0.999993,0.020000,0.126398,0.109292,0.127756,0.124018
2.1095,147.3480,Opening gripper and moving camera/gripper to the visually aligned cube,-0.000201,1.109406,0.333935,1.321572,-0.000125,0.999992,0.020000,0.121918,0.104914,0.123511,0.119802
2.1283,147.3680,Opening gripper and moving camera/gripper to the visually aligned cube,-0.000201,1.109406,0.333935,1.321572,-0.000125,0.999992,0.020000,0.117350,0.100427,0.119201,0.115470
2.1489,147.3880,Opening gripper and moving camera/gripper to the visually aligned cube,0.000182,1.149404,0.321093,1.316435,-0.000127,0.999992,0.020000,0.115034,0.098141,0.117007,0.113275
2.1679,147.4080,Opening gripper and moving camera/gripper to the visually aligned cube,-0.000194,1.169403,0.315266,1.314103,-0.000129,0.999992,0.020000,0.110339,0.093484,0.112564,0.108806
2.1885,147.4280,Opening gripper and moving camera/gripper to the visually aligned cube,0.000186,1.189402,0.309849,1.311936,-0.000130,0.999992,0.020000,0.103142,0.086283,0.105742,0.101933
2.2075,147.4480,Opening gripper and moving camera/gripper to the visually aligned cube,-0.000186,1.209401,0.304850,1.309936,-0.000131,0.999992,0.020000,0.100703,0.083825,0.103410,0.099616
2.2283,147.4680,Opening gripper and moving camera/gripper to the visually aligned cube,-0.000338,1.229400,0.300281,1.308108,-0.000133,0.999992,0.020000,0.093271,0.076275,0.096331,0.092505
2.2491,147.4880,Opening gripper and moving camera/gripper to the visually aligned cube,-0.000170,1.249399,0.296151,1.306456,-0.000134,0.999992,0.020000,0.088225,0.071095,0.091510,0.087681
2.2682,147.5080,Opening gripper and moving camera/gripper to the visually aligned cube,-0.000170,1.249399,0.296151,1.306456,-0.000134,0.999992,0.020000,0.085676,0.068461,0.089109,0.085210
2.2877,147.5280,Opening gripper and moving camera/gripper to the visually aligned cube,-0.000297,1.269397,0.292469,1.304983,-0.000136,0.999991,0.020000,0.077929,0.060387,0.081708,0.077827
2.3132,147.5480,Opening gripper and moving camera/gripper to the visually aligned cube,-0.000290,1.309395,0.286493,1.302592,-0.000140,0.999991,0.020000,0.072687,0.054862,0.076754,0.072823
2.3290,147.5680,Opening gripper and moving camera/gripper to the visually aligned cube,-0.000290,1.309395,0.286493,1.302592,-0.000140,0.999991,0.020000,0.070045,0.052059,0.074259,0.070324
2.3493,147.5880,Opening gripper and moving camera/gripper to the visually aligned cube,-0.000160,1.329394,0.284218,1.301681,-0.000142,0.999991,0.020000,0.064722,0.046377,0.069305,0.065290
2.3722,147.6080,Opening gripper and moving camera/gripper to the visually aligned cube,-0.000286,1.349392,0.282431,1.300966,-0.000144,0.999991,0.020000,0.056650,0.037692,0.061862,0.057889
2.3904,147.6280,Opening gripper and moving camera/gripper to the visually aligned cube,-0.000283,1.389390,0.280363,1.300138,-0.000148,0.999991,0.020000,0.051220,0.031831,0.057050,0.053048
2.4114,147.6480,Opening gripper and moving camera/gripper to the visually aligned cube,-0.000283,1.389390,0.280363,1.300138,-0.000148,0.999991,0.020000,0.048493,0.028899,0.054689,0.050709
2.4307,147.6680,Opening gripper and moving camera/gripper to the visually aligned cube,-0.001054,1.407086,0.277652,1.298842,-0.000052,1.000000,0.020000,0.039181,0.019184,0.047253,0.043520
2.4506,147.6880,Opening gripper and moving camera/gripper to the visually aligned cube,-0.000796,1.429384,0.280070,1.300019,-0.000122,0.999996,0.020000,0.036503,0.016550,0.045405,0.041513
2.4705,147.7080,Opening gripper and moving camera/gripper to the visually aligned cube,-0.000499,1.469392,0.279991,1.299993,-0.000040,1.000003,0.020000,0.028574,0.010392,0.040284,0.036914
2.4920,147.7280,Opening gripper and moving camera/gripper to the visually aligned cube,0.000182,1.489388,0.279992,1.299993,-0.000036,1.000003,0.020000,0.023367,0.009702,0.037856,0.034768
2.5122,147.7480,Opening gripper and moving camera/gripper to the visually aligned cube,-0.000145,1.500002,0.279995,1.299994,-0.000043,1.000003,0.019020,0.023206,0.010100,0.038285,0.035230
2.5312,147.7680,Opening gripper and moving camera/gripper to the visually aligned cube,-0.000145,1.500002,0.279995,1.299994,-0.000043,1.000003,0.019020,0.023203,0.010085,0.038280,0.035228
2.5515,147.7880,Opening gripper and moving camera/gripper to the visually aligned cube,-0.000111,1.500003,0.280000,1.299995,-0.000053,1.000003,0.019020,0.023199,0.010070,0.038289,0.035206
2.5711,147.8080,Opening gripper and moving camera/gripper to the visually aligned cube,-0.000111,1.500003,0.280000,1.299995,-0.000053,1.000003,0.019020,0.023198,0.010067,0.038290,0.035200
2.5907,147.8280,Opening gripper and moving camera/gripper to the visually aligned cube,-0.000115,1.500004,0.280001,1.299996,-0.000055,1.000003,0.019020,0.023197,0.010062,0.038292,0.035188
2.6126,147.8480,Opening gripper and moving camera/gripper to the visually aligned cube,-0.000116,1.500004,0.280002,1.299997,-0.000056,1.000003,0.019020,0.023195,0.010058,0.038037,0.034901
2.6309,147.8680,Opening gripper and moving camera/gripper to the visually aligned cube,-0.000116,1.500005,0.280003,1.299997,-0.000055,1.000003,0.019020,0.023195,0.010056,0.037520,0.034351
2.6515,147.8880,Opening gripper and moving camera/gripper to the visually aligned cube,-0.000115,1.500005,0.280004,1.299997,-0.000054,0.980003,0.019020,0.023194,0.010056,0.036999,0.033799
2.6710,147.9080,Opening gripper and moving camera/gripper to the visually aligned cube,-0.000113,1.500006,0.280005,1.299998,-0.000052,0.940003,0.018040,0.023194,0.010501,0.036999,0.033718
2.6901,147.9280,Opening gripper and moving camera/gripper to the visually aligned cube,-0.000113,1.500006,0.280005,1.299998,-0.000052,0.940003,0.017060,0.023194,0.011016,0.037271,0.033930
2.7136,147.9480,Opening gripper and moving camera/gripper to the visually aligned cube,-0.000112,1.500006,0.280004,1.299997,-0.000059,0.900015,0.019960,0.023194,0.009705,0.034951,0.031746
2.7307,147.9680,Opening gripper and moving camera/gripper to the visually aligned cube,-0.000130,1.500046,0.280014,1.300009,0.000332,0.880199,0.019855,0.023190,0.009764,0.034558,0.031265
2.7514,147.9880,Opening gripper and moving camera/gripper to the visually aligned cube,-0.000130,1.500046,0.280014,1.300009,0.000332,0.880199,0.019626,0.023191,0.009782,0.033697,0.031207
2.7710,148.0080,Opening gripper and moving camera/gripper to the visually aligned cube,-0.000155,1.499984,0.279976,1.299975,0.000255,0.839701,0.020080,0.023172,0.009660,0.033095,0.030323
2.7907,148.0280,Opening gripper and moving camera/gripper to the visually aligned cube,-0.000156,1.499926,0.279945,1.299948,0.000259,0.819636,0.020002,0.023168,0.009704,0.032618,0.030159
2.8102,148.0480,Opening gripper and moving camera/gripper to the visually aligned cube,-0.000156,1.499926,0.279945,1.299948,0.000259,0.819636,0.019733,0.023173,0.009617,0.032483,0.029899
2.8305,148.0680,Opening gripper and moving camera/gripper to the visually aligned cube,-0.000190,1.499922,0.279909,1.299920,0.000287,0.779435,0.019999,0.023173,0.009737,0.031524,0.028798
2.8502,148.0880,Opening gripper and moving camera/gripper to the visually aligned cube,-0.000190,1.499922,0.279909,1.299920,0.000287,0.779435,0.019794,0.023179,0.009586,0.031272,0.028482
2.8702,148.1080,Opening gripper and moving camera/gripper to the visually aligned cube,-0.000380,1.499823,0.279887,1.299900,0.000322,0.759483,0.020007,0.023173,0.009728,0.031008,0.028174
2.8905,148.1280,Opening gripper and moving camera/gripper to the visually aligned cube,-0.000258,1.499849,0.279890,1.299905,0.000374,0.759448,0.020000,0.023184,0.009697,0.031019,0.028050
2.9135,148.1480,Opening gripper and moving camera/gripper to the visually aligned cube,0.000248,1.499924,0.279920,1.299933,0.000393,0.759465,0.020002,0.023196,0.009721,0.031003,0.027351
2.9306,148.1680,Opening gripper and moving camera/gripper to the visually aligned cube,-0.000266,1.499858,0.279886,1.299908,0.000402,0.759427,0.019842,0.023206,0.009623,0.031120,0.027282
2.9517,148.1880,Opening gripper and moving camera/gripper to the visually aligned cube,0.000218,1.500035,0.279961,1.299981,0.000404,0.760139,0.019824,0.023222,0.009620,0.031230,0.026561
2.9707,148.2080,Opening gripper and moving camera/gripper to the visually aligned cube,-0.000261,1.499923,0.279910,1.299935,0.000404,0.760227,0.020004,0.023223,0.009736,0.031115,0.025936
2.9932,148.2280,Opening gripper and moving camera/gripper to the visually aligned cube,0.000232,1.499898,0.279903,1.299922,0.000385,0.760273,0.020110,0.023231,0.009727,0.031281,0.024903
3.0119,148.2480,Opening gripper and moving camera/gripper to the visually aligned cube,-0.000253,1.499868,0.279897,1.299913,0.000349,0.760325,0.020189,0.023240,0.009669,0.031275,0.023754
3.0304,148.2680,Opening gripper and moving camera/gripper to the visually aligned cube,-0.000253,1.499868,0.279897,1.299913,0.000349,0.760325,0.020335,0.023241,0.009758,0.030990,0.023201
3.0504,148.2880,Opening gripper and moving camera/gripper to the visually aligned cube,0.000232,1.499882,0.279906,1.299922,0.000340,0.760355,0.020482,0.023248,0.009722,0.030732,0.023197
3.0704,148.3080,Opening gripper and moving camera/gripper to the visually aligned cube,0.000214,1.499974,0.279939,1.299953,0.000314,0.760238,0.020377,0.023242,0.009707,0.030030,0.022418
3.0903,148.3280,Opening gripper and moving camera/gripper to the visually aligned cube,-0.000210,1.499956,0.279953,1.299958,0.000220,0.760367,0.020400,0.023251,0.009860,0.029254,0.023162
3.1137,148.3480,Opening gripper and moving camera/gripper to the visually aligned cube,-0.000264,1.499908,0.279912,1.299935,0.000315,0.760321,0.020542,0.023262,0.009954,0.028147,0.022999
3.1299,148.3680,Opening gripper and moving camera/gripper to the visually aligned cube,-0.000264,1.499908,0.279912,1.299935,0.000315,0.760321,0.020621,0.023365,0.009839,0.027842,0.022316
3.1510,148.3880,Opening gripper and moving camera/gripper to the visually aligned cube,0.000278,1.498621,0.278318,1.298467,0.000172,0.760321,0.020835,0.024029,0.009219,0.026120,0.019031
3.1698,148.4080,Opening gripper and moving camera/gripper to the visually aligned cube,-0.000322,1.497322,0.276548,1.296879,0.000207,0.760391,0.020689,0.024346,0.008732,0.025225,0.019816
3.1901,148.4280,Opening gripper and moving camera/gripper to the visually aligned cube,-0.000450,1.495393,0.273944,1.294520,0.000175,0.760251,0.020719,0.025756,0.007720,0.025225,0.023367
3.2119,148.4480,Opening gripper and moving camera/gripper to the visually aligned cube,-0.000450,1.495393,0.273944,1.294520,0.000175,0.760251,0.020350,0.026993,0.007867,0.026949,0.025325
3.2299,148.4680,Opening gripper and moving camera/gripper to the visually aligned cube,-0.000161,1.490109,0.266885,1.288166,0.000127,0.760196,0.020596,0.027712,0.008131,0.024946,0.024418
3.2512,148.4880,Opening gripper and moving camera/gripper to the visually aligned cube,-0.000163,1.486563,0.262267,1.284001,0.000187,0.760049,0.020489,0.030130,0.009832,0.029183,0.026317
3.2700,148.5080,Opening gripper and moving camera/gripper to the visually aligned cube,-0.000163,1.486563,0.262267,1.284001,0.000187,0.760049,0.020003,0.031102,0.011335,0.030633,0.028093
3.2901,148.5280,Opening gripper and moving camera/gripper to the visually aligned cube,-0.000188,1.482716,0.257046,1.279321,0.000202,0.760061,0.019743,0.033189,0.014093,0.033320,0.032739
3.3160,148.5480,Opening gripper and moving camera/gripper to the visually aligned cube,-0.000187,1.478307,0.251219,1.274069,0.000201,0.760102,0.020097,0.035519,0.016761,0.035902,0.037037
3.3343,148.5680,Opening gripper and moving camera/gripper to the visually aligned cube,-0.000185,1.473560,0.244862,1.268338,0.000240,0.760093,0.020050,0.038148,0.020365,0.038670,0.040287
3.3502,148.5880,Opening gripper and moving camera/gripper to the visually aligned cube,-0.000167,1.468238,0.237818,1.261997,0.000242,0.760013,0.019830,0.041097,0.024624,0.041852,0.040572
3.3703,148.6080,Opening gripper and moving camera/gripper to the visually aligned cube,-0.000156,1.462629,0.230232,1.255179,0.000220,0.760011,0.020000,0.046081,0.031225,0.047144,0.044675
3.3905,148.6280,Opening gripper and moving camera/gripper to the visually aligned cube,-0.000159,1.449954,0.213314,1.239959,0.000388,0.760022,0.020000,0.049777,0.036252,0.051298,0.048331
3.4115,148.6480,Opening gripper and moving camera/gripper to the visually aligned cube,-0.000157,1.442988,0.204024,1.231600,0.000396,0.760019,0.020000,0.053784,0.041641,0.055861,0.052484
3.4343,148.6680,Opening gripper and moving camera/gripper to the visually aligned cube,-0.000154,1.435618,0.194193,1.222755,0.000385,0.760017,0.020000,0.055906,0.044477,0.058306,0.054743
3.4532,148.6880,Opening gripper and moving camera/gripper to the visually aligned cube,-0.000151,1.427851,0.183834,1.213433,0.000363,0.760015,0.020000,0.062772,0.053465,0.066186,0.062205
3.4702,148.7080,Opening gripper and moving camera/gripper to the visually aligned cube,-0.000149,1.419696,0.172956,1.203645,0.000335,0.760013,0.020000,0.067776,0.059884,0.071926,0.067747
3.4899,148.7280,Opening gripper and moving camera/gripper to the visually aligned cube,-0.000146,1.411160,0.161571,1.193399,0.000305,0.760012,0.020000,0.070410,0.063217,0.074930,0.070687
3.5128,148.7480,Opening gripper and moving camera/gripper to the visually aligned cube,-0.000144,1.402251,0.149689,1.182707,0.000273,0.760010,0.020000,0.078854,0.073699,0.084505,0.080118
3.5304,148.7680,Opening gripper and moving camera/gripper to the visually aligned cube,-0.000142,1.392978,0.137320,1.171577,0.000243,0.760009,0.020000,0.081854,0.077352,0.087864,0.083469
3.5503,148.7880,Opening gripper and moving camera/gripper to the visually aligned cube,-0.000140,1.383347,0.124477,1.160019,0.000215,0.760008,0.020000,0.088135,0.084890,0.094849,0.090453
3.5703,148.8080,Opening gripper and moving camera/gripper to the visually aligned cube,-0.000138,1.373369,0.111169,1.148043,0.000189,0.760008,0.020000,0.098277,0.096765,0.105945,0.101613
3.5916,148.8280,Opening gripper and moving camera/gripper to the visually aligned cube,-0.000136,1.363049,0.097407,1.135658,0.000166,0.760008,0.020000,0.105526,0.105052,0.113733,0.109487
3.6133,148.8480,Opening gripper and moving camera/gripper to the visually aligned cube,-0.000134,1.352398,0.083203,1.122875,0.000146,0.760007,0.020000,0.113171,0.113616,0.121812,0.117684
3.6305,148.8680,Opening gripper and moving camera/gripper to the visually aligned cube,-0.000134,1.352398,0.083203,1.122875,0.000146,0.760007,0.020000,0.121215,0.122482,0.130218,0.126199
3.6515,148.8880,Opening gripper and moving camera/gripper to the visually aligned cube,-0.000131,1.330131,0.053510,1.096153,0.000116,0.760007,0.020000,0.129657,0.131595,0.138872,0.135001
3.6727,148.9080,Opening gripper and moving camera/gripper to the visually aligned cube,-0.000129,1.318531,0.038043,1.082233,0.000105,0.760008,0.020000,0.138499,0.140978,0.147807,0.144087
3.6903,148.9280,Opening gripper and moving camera/gripper to the visually aligned cube,-0.000127,1.306635,0.022179,1.067954,0.000080,0.760004,0.020000,0.143069,0.145758,0.152361,0.148698
3.7130,148.9480,Opening gripper and moving camera/gripper to the visually aligned cube,-0.000126,1.294444,0.005943,1.053324,0.000073,0.760008,0.020000,0.157373,0.160494,0.166481,0.163076
3.7309,148.9680,Opening gripper and moving camera/gripper to the visually aligned cube,-0.000125,1.281971,-0.010640,1.038355,0.000073,0.760010,0.020000,0.167372,0.170585,0.176140,0.172967
3.7506,148.9880,Opening gripper and moving camera/gripper to the visually aligned cube,-0.000123,1.269220,-0.027710,1.023055,0.000072,0.760009,0.020000,0.172523,0.175730,0.181069,0.178005
3.7716,149.0080,Opening gripper and moving camera/gripper to the visually aligned cube,-0.000122,1.256203,-0.045069,1.007435,0.000071,0.760010,0.020000,0.183097,0.186150,0.191054,0.188210
3.7906,149.0280,Opening gripper and moving camera/gripper to the visually aligned cube,-0.000121,1.242928,-0.062771,0.991504,0.000071,0.760010,0.020000,0.199625,0.202183,0.206454,0.203895
3.8126,149.0480,Opening gripper and moving camera/gripper to the visually aligned cube,-0.000121,1.242928,-0.062771,0.991504,0.000071,0.760010,0.020000,0.211065,0.213085,0.216928,0.214573
3.8355,149.0680,Opening gripper and moving camera/gripper to the visually aligned cube,-0.000119,1.215634,-0.099165,0.958749,0.000069,0.760010,0.020000,0.222822,0.224176,0.227602,0.225431
3.8513,149.0880,Opening gripper and moving camera/gripper to the visually aligned cube,-0.000117,1.201631,-0.117837,0.941944,0.000068,0.760009,0.020000,0.234874,0.235406,0.238412,0.236436
3.8703,149.1080,Opening gripper and moving camera/gripper to the visually aligned cube,-0.000116,1.187402,-0.136811,0.924868,0.000066,0.760009,0.020000,0.247197,0.246782,0.249370,0.247583
3.8902,149.1280,Opening gripper and moving camera/gripper to the visually aligned cube,-0.000115,1.172954,-0.156075,0.907530,0.000064,0.760009,0.020000,0.259767,0.258278,0.260448,0.258854
3.9127,149.1480,Opening gripper and moving camera/gripper to the visually aligned cube,-0.000114,1.158296,-0.175620,0.889940,0.000061,0.760008,0.020000,0.272554,0.269890,0.271648,0.270238
3.9303,149.1680,Opening gripper and moving camera/gripper to the visually aligned cube,-0.000113,1.143437,-0.195434,0.872107,0.000059,0.760008,0.020000,0.285525,0.281590,0.282934,0.281711
3.9501,149.1880,Opening gripper and moving camera/gripper to the visually aligned cube,-0.000112,1.128383,-0.215434,0.854041,0.000056,0.760008,0.020000,0.292055,0.287458,0.288597,0.287466
3.9701,149.2080,Opening gripper and moving camera/gripper to the visually aligned cube,-0.000111,1.113144,-0.235435,0.835753,0.000053,0.760007,0.020000,0.305166,0.299193,0.299922,0.298977
3.9896,149.2280,Opening gripper and moving camera/gripper to the visually aligned cube,-0.000111,1.113144,-0.235435,0.835753,0.000053,0.760007,0.020000,0.318319,0.310934,0.311260,0.310492
4.0116,149.2480,Opening gripper and moving camera/gripper to the visually aligned cube,-0.000110,1.097728,-0.255436,0.817251,0.000050,0.760007,0.020000,0.331483,0.322653,0.322575,0.321990
4.0310,149.2680,Opening gripper and moving camera/gripper to the visually aligned cube,-0.000108,1.066394,-0.295438,0.779648,0.000044,0.760006,0.020000,0.351171,0.340187,0.339516,0.339184
4.0506,149.2880,Opening gripper and moving camera/gripper to the visually aligned cube,-0.000107,1.050493,-0.315438,0.760565,0.000041,0.760005,0.020000,0.357700,0.346009,0.345140,0.344895
4.0704,149.3080,Opening gripper and moving camera/gripper to the visually aligned cube,-0.000106,1.034448,-0.335439,0.741308,0.000038,0.760005,0.020000,0.370683,0.357610,0.356349,0.356270
4.0895,149.3280,Opening gripper and moving camera/gripper to the visually aligned cube,-0.000104,1.018265,-0.355440,0.721887,0.000035,0.760005,0.020000,0.383533,0.369139,0.367491,0.367574
4.1117,149.3480,Opening gripper and moving camera/gripper to the visually aligned cube,-0.000103,1.001954,-0.375441,0.702311,0.000033,0.760004,0.020000,0.402479,0.386276,0.384059,0.384368
4.1303,149.3680,Opening gripper and moving camera/gripper to the visually aligned cube,-0.000102,0.985522,-0.395442,0.682591,0.000032,0.760004,0.020000,0.414836,0.397569,0.394975,0.395434
4.1509,149.3880,Opening gripper and moving camera/gripper to the visually aligned cube,-0.000101,0.968978,-0.415443,0.662735,0.000031,0.760003,0.020000,0.426931,0.408743,0.405779,0.406381
4.1708,149.4080,Opening gripper and moving camera/gripper to the visually aligned cube,-0.000101,0.952329,-0.435444,0.642759,0.000031,0.760003,0.020000,0.438721,0.419778,0.416450,0.417189
4.1901,149.4280,Opening gripper and moving camera/gripper to the visually aligned cube,-0.000100,0.935584,-0.455446,0.622756,0.000032,0.760003,0.020000,0.450161,0.430651,0.426966,0.427836
4.2143,149.4480,Opening gripper and moving camera/gripper to the visually aligned cube,-0.000099,0.918751,-0.475447,0.602754,0.000034,0.760002,0.020000,0.461218,0.441350,0.437314,0.438311
4.2297,149.4680,Opening gripper and moving camera/gripper to the visually aligned cube,-0.000099,0.918751,-0.475447,0.602754,0.000034,0.760002,0.020000,0.466593,0.446631,0.442421,0.443482
4.2500,149.4880,Opening gripper and moving camera/gripper to the visually aligned cube,-0.000098,0.901838,-0.495448,0.582752,0.000037,0.760002,0.020000,0.477018,0.457048,0.452498,0.453678
4.2705,149.5080,Opening gripper and moving camera/gripper to the visually aligned cube,-0.000097,0.867805,-0.535451,0.542747,0.000044,0.760001,0.020000,0.491783,0.472291,0.467247,0.468592
4.2899,149.5280,Opening gripper and moving camera/gripper to the visually aligned cube,-0.000096,0.850701,-0.555452,0.522744,0.000049,0.760001,0.020000,0.501005,0.482183,0.476818,0.478268
4.3179,149.5480,Opening gripper and moving camera/gripper to the visually aligned cube,-0.000096,0.850701,-0.555452,0.522744,0.000049,0.760001,0.020000,0.505419,0.487044,0.481520,0.483024
4.3297,149.5680,Opening gripper and moving camera/gripper to the visually aligned cube,-0.000095,0.833549,-0.575454,0.502741,0.000053,0.760001,0.020000,0.513839,0.496590,0.490755,0.492365
4.3526,149.5880,Opening gripper and moving camera/gripper to the visually aligned cube,-0.000094,0.799137,-0.615457,0.462736,0.000062,0.760000,0.020000,0.525402,0.510446,0.504164,0.505915
4.3698,149.6080,Opening gripper and moving camera/gripper to the visually aligned cube,-0.000094,0.799137,-0.615457,0.462736,0.000062,0.760000,0.020000,0.528961,0.514937,0.508508,0.510309
4.3898,149.6280,Opening gripper and moving camera/gripper to the visually aligned cube,-0.000094,0.781892,-0.635458,0.442733,0.000067,0.760000,0.020000,0.535622,0.523721,0.517007,0.518897
4.4126,149.6480,Opening gripper and moving camera/gripper to the visually aligned cube,-0.000093,0.747365,-0.675461,0.402727,0.000075,0.760000,0.020000,0.544435,0.536383,0.529261,0.531274
4.4303,149.6680,Opening gripper and moving camera/gripper to the visually aligned cube,-0.000093,0.730099,-0.695463,0.382725,0.000078,0.760000,0.020000,0.549503,0.544468,0.537084,0.539176
4.4504,149.6880,Opening gripper and moving camera/gripper to the visually aligned cube,-0.000093,0.730099,-0.695463,0.382725,0.000078,0.760000,0.020000,0.553909,0.552263,0.544627,0.546795
4.4696,149.7080,Opening gripper and moving camera/gripper to the visually aligned cube,-0.000093,0.712843,-0.715464,0.362722,0.000081,0.760000,0.020000,0.555860,0.556045,0.548286,0.550492
4.4901,149.7280,Opening gripper and moving camera/gripper to the visually aligned cube,-0.000092,0.678392,-0.755467,0.322718,0.000084,0.760000,0.020000,0.560696,0.566940,0.558829,0.561138
4.5124,149.7480,Opening gripper and moving camera/gripper to the visually aligned cube,-0.000092,0.661213,-0.775468,0.302717,0.000084,0.760000,0.020000,0.563063,0.573810,0.565477,0.567851
4.5301,149.7680,Opening gripper and moving camera/gripper to the visually aligned cube,-0.000092,0.644076,-0.795469,0.282715,0.000084,0.760000,0.020000,0.564740,0.580359,0.571814,0.574251
4.5503,149.7880,Opening gripper and moving camera/gripper to the visually aligned cube,-0.000092,0.644076,-0.795469,0.282715,0.000084,0.760000,0.020000,0.565319,0.583508,0.574862,0.577329
4.5746,149.8080,Opening gripper and moving camera/gripper to the visually aligned cube,-0.000092,0.626989,-0.815470,0.262714,0.000083,0.760000,0.020000,0.565958,0.589570,0.580728,0.583255
4.5964,149.8280,Opening gripper and moving camera/gripper to the visually aligned cube,-0.000092,0.592998,-0.855471,0.222714,0.000079,0.760000,0.020000,0.565907,0.595288,0.586264,0.588845
4.6160,149.8480,Opening gripper and moving camera/gripper to the visually aligned cube,-0.000092,0.592998,-0.855471,0.222714,0.000079,0.760000,0.020000,0.565171,0.600672,0.591477,0.594110
4.6362,149.8680,Opening gripper and moving camera/gripper to the visually aligned cube,-0.000092,0.576110,-0.875472,0.202713,0.000077,0.760000,0.020000,0.562798,0.608093,0.598665,0.601366
4.6565,149.8880,Opening gripper and moving camera/gripper to the visually aligned cube,-0.000092,0.559305,-0.895472,0.182714,0.000074,0.760000,0.020000,0.560383,0.612615,0.603045,0.605792
4.6784,149.9080,Opening gripper and moving camera/gripper to the visually aligned cube,-0.000092,0.542591,-0.915473,0.162714,0.000070,0.760000,0.020000,0.558929,0.614734,0.605099,0.607866
4.6971,149.9280,Opening gripper and moving camera/gripper to the visually aligned cube,-0.000092,0.509467,-0.955473,0.122715,0.000063,0.760000,0.020000,0.553608,0.620585,0.610770,0.613595
4.7182,149.9480,Opening gripper and moving camera/gripper to the visually aligned cube,-0.000092,0.509467,-0.955473,0.122715,0.000063,0.760000,0.020000,0.549280,0.624038,0.614119,0.616980
4.7362,149.9680,Opening gripper and moving camera/gripper to the visually aligned cube,-0.000092,0.493074,-0.975473,0.102716,0.000060,0.760000,0.020000,0.546888,0.625635,0.615667,0.618546
4.7572,149.9880,Opening gripper and moving camera/gripper to the visually aligned cube,-0.000092,0.460665,-1.015474,0.062717,0.000053,0.760001,0.020000,0.538831,0.629872,0.619781,0.622703
4.7778,150.0080,Opening gripper and moving camera/gripper to the visually aligned cube,-0.000092,0.460665,-1.015474,0.062717,0.000053,0.760001,0.020000,0.532752,0.632255,0.622096,0.625046
4.7970,150.0280,Opening gripper and moving camera/gripper to the visually aligned cube,-0.000093,0.428815,-1.055474,0.022719,0.000045,0.760001,0.020000,0.526133,0.634271,0.624059,0.627031
4.8172,150.0480,Opening gripper and moving camera/gripper to the visually aligned cube,-0.000093,0.428815,-1.055474,0.022719,0.000045,0.760001,0.020000,0.522629,0.635147,0.624912,0.627895
4.8369,150.0680,Opening gripper and moving camera/gripper to the visually aligned cube,-0.000093,0.397588,-1.095474,-0.017279,0.000039,0.760001,0.020000,0.511376,0.637239,0.626957,0.629966
4.8586,150.0880,Opening gripper and moving camera/gripper to the visually aligned cube,-0.000093,0.382229,-1.115475,-0.037278,0.000036,0.760001,0.020000,0.503291,0.638189,0.627892,0.630914
4.8767,150.1080,Opening gripper and moving camera/gripper to the visually aligned cube,-0.000093,0.382229,-1.115475,-0.037278,0.000036,0.760001,0.020000,0.499084,0.638531,0.628230,0.631260
4.8962,150.1280,Opening gripper and moving camera/gripper to the visually aligned cube,-0.000093,0.367049,-1.135475,-0.057277,0.000033,0.760002,0.020000,0.490360,0.638952,0.628652,0.631695
4.9170,150.1480,Opening gripper and moving camera/gripper to the visually aligned cube,-0.000093,0.337264,-1.175475,-0.095371,0.000028,0.760002,0.020000,0.476939,0.639017,0.628745,0.631797
4.9372,150.1680,Opening gripper and moving camera/gripper to the visually aligned cube,-0.000093,0.322675,-1.195475,-0.112877,0.000026,0.760002,0.020000,0.467648,0.638673,0.628434,0.631488
4.9567,150.1880,Opening gripper and moving camera/gripper to the visually aligned cube,-0.000093,0.322675,-1.195475,-0.112877,0.000026,0.760002,0.020000,0.462904,0.638386,0.628168,0.631221
4.9894,150.2080,Opening gripper and moving camera/gripper to the visually aligned cube,-0.000093,0.308298,-1.215475,-0.130128,0.000025,0.760002,0.020000,0.448327,0.637078,0.626939,0.629987
5.0078,150.2280,Opening gripper and moving camera/gripper to the visually aligned cube,-0.000093,0.294142,-1.235475,-0.147114,0.000023,0.760002,0.020000,0.443367,0.636496,0.626390,0.629434
5.0276,150.2480,Opening gripper and moving camera/gripper to the visually aligned cube,-0.000094,0.266525,-1.275475,-0.180251,0.000022,0.760002,0.020000,0.433319,0.635122,0.625088,0.628122
5.0486,150.2680,Opening gripper and moving camera/gripper to the visually aligned cube,-0.000094,0.253081,-1.295475,-0.196383,0.000022,0.760002,0.020000,0.417988,0.632549,0.622641,0.625656
5.0681,150.2880,Opening gripper and moving camera/gripper to the visually aligned cube,-0.000094,0.253081,-1.295475,-0.196383,0.000022,0.760002,0.020000,0.407641,0.630508,0.620696,0.623695
5.0878,150.3080,Opening gripper and moving camera/gripper to the visually aligned cube,-0.000094,0.226961,-1.335475,-0.227725,0.000022,0.760002,0.020000,0.397227,0.628218,0.618511,0.621491
5.1096,150.3280,Opening gripper and moving camera/gripper to the visually aligned cube,-0.000094,0.214301,-1.355475,-0.242915,0.000023,0.760002,0.020000,0.386777,0.625689,0.616096,0.619054
5.1283,150.3480,Opening gripper and moving camera/gripper to the visually aligned cube,-0.000094,0.201919,-1.375475,-0.257771,0.000023,0.760002,0.020000,0.376318,0.622933,0.613461,0.616396
5.1500,150.3680,Opening gripper and moving camera/gripper to the visually aligned cube,-0.000094,0.189823,-1.395474,-0.272285,0.000025,0.760002,0.020000,0.365878,0.619960,0.610618,0.613526
5.1681,150.3880,Opening gripper and moving camera/gripper to the visually aligned cube,-0.000095,0.178023,-1.415473,-0.286446,0.000026,0.760002,0.020000,0.360673,0.618396,0.609122,0.612016
5.1889,150.4080,Opening gripper and moving camera/gripper to the visually aligned cube,-0.000095,0.178023,-1.415473,-0.286446,0.000026,0.760002,0.020000,0.345154,0.613410,0.604348,0.607198
5.2091,150.4280,Opening gripper and moving camera/gripper to the visually aligned cube,-0.000095,0.166524,-1.435473,-0.300243,0.000026,0.760002,0.020000,0.340024,0.611655,0.602668,0.605501
5.2277,150.4480,Opening gripper and moving camera/gripper to the visually aligned cube,-0.000095,0.144464,-1.475473,-0.326711,0.000029,0.760002,0.020000,0.324800,0.606133,0.597376,0.600160
5.2478,150.4680,Opening gripper and moving camera/gripper to the visually aligned cube,-0.000095,0.133921,-1.495473,-0.339362,0.000030,0.760002,0.020000,0.314815,0.602251,0.593654,0.596403
5.2680,150.4880,Opening gripper and moving camera/gripper to the visually aligned cube,-0.000095,0.123711,-1.515473,-0.351611,0.000032,0.760002,0.020000,0.309879,0.600254,0.591740,0.594470
5.2918,150.5080,Opening gripper and moving camera/gripper to the visually aligned cube,-0.000095,0.113845,-1.535473,-0.363449,0.000034,0.760002,0.020000,0.295325,0.594061,0.585798,0.588471
5.3131,150.5280,Opening gripper and moving camera/gripper to the visually aligned cube,-0.000095,0.104330,-1.555473,-0.374865,0.000036,0.760002,0.020000,0.285854,0.589776,0.581687,0.584320
5.3358,150.5480,Opening gripper and moving camera/gripper to the visually aligned cube,-0.000095,0.095174,-1.575473,-0.385850,0.000038,0.760002,0.020000,0.276584,0.585382,0.577468,0.580060
5.3514,150.5680,Opening gripper and moving camera/gripper to the visually aligned cube,-0.000095,0.095174,-1.575473,-0.385850,0.000038,0.760002,0.020000,0.272029,0.583147,0.575322,0.577892
5.3720,150.5880,Opening gripper and moving camera/gripper to the visually aligned cube,-0.000096,0.077973,-1.615473,-0.406488,0.000042,0.760002,0.020000,0.263085,0.578609,0.570964,0.573491
5.3904,150.6080,Opening gripper and moving camera/gripper to the visually aligned cube,-0.000096,0.077973,-1.615473,-0.406488,0.000042,0.760002,0.020000,0.253669,0.573873,0.566435,0.568914
5.4134,150.6280,Opening gripper and moving camera/gripper to the visually aligned cube,-0.000096,0.062306,-1.636990,-0.425285,0.000046,0.760002,0.020000,0.247931,0.570892,0.563585,0.566033
5.4303,150.6480,Opening gripper and moving camera/gripper to the visually aligned cube,-0.000096,0.055068,-1.646640,-0.433969,0.000048,0.760002,0.020000,0.242539,0.568014,0.560835,0.563252
5.4514,150.6680,Opening gripper and moving camera/gripper to the visually aligned cube,-0.000096,0.048238,-1.655746,-0.442163,0.000050,0.760002,0.020000,0.237496,0.565254,0.558197,0.560584
5.4713,150.6880,Opening gripper and moving camera/gripper to the visually aligned cube,-0.000096,0.041825,-1.664298,-0.449858,0.000052,0.760002,0.020000,0.232805,0.562625,0.555685,0.558043
5.4910,150.7080,Opening gripper and moving camera/gripper to the visually aligned cube,-0.000096,0.035835,-1.672283,-0.457044,0.000054,0.760002,0.020000,0.228467,0.560140,0.553309,0.555641
5.5130,150.7280,Opening gripper and moving camera/gripper to the visually aligned cube,-0.000096,0.035835,-1.672283,-0.457044,0.000054,0.760002,0.020000,0.224483,0.557809,0.551083,0.553389
5.5302,150.7480,Opening gripper and moving camera/gripper to the visually aligned cube,-0.000096,0.025162,-1.686514,-0.469849,0.000057,0.760002,0.020000,0.220853,0.555646,0.549015,0.551298
5.5505,150.7680,Opening gripper and moving camera/gripper to the visually aligned cube,-0.000096,0.025162,-1.686514,-0.469849,0.000057,0.760002,0.020000,0.219172,0.554631,0.548046,0.550315
5.5720,150.7880,Opening gripper and moving camera/gripper to the visually aligned cube,-0.000096,0.016284,-1.698352,-0.480501,0.000060,0.760002,0.020000,0.214662,0.551864,0.545401,0.547642
5.5914,150.8080,Opening gripper and moving camera/gripper to the visually aligned cube,-0.000097,0.012538,-1.703346,-0.484996,0.000062,0.760002,0.020000,0.212102,0.550265,0.543873,0.546096
5.6107,150.8280,Opening gripper and moving camera/gripper to the visually aligned cube,-0.000097,0.012538,-1.703346,-0.484996,0.000062,0.760002,0.020000,0.210956,0.549542,0.543184,0.545397
5.6308,150.8480,Opening gripper and moving camera/gripper to the visually aligned cube,-0.000097,0.006473,-1.711432,-0.492272,0.000064,0.760002,0.020000,0.208058,0.547695,0.541418,0.543613
5.6526,150.8680,Opening gripper and moving camera/gripper to the visually aligned cube,-0.000097,0.004171,-1.714502,-0.495034,0.000065,0.760002,0.020000,0.206578,0.546741,0.540507,0.542691
5.6702,150.8880,Opening gripper and moving camera/gripper to the visually aligned cube,-0.000097,0.004171,-1.714502,-0.495034,0.000065,0.760002,0.020000,0.205974,0.546350,0.540135,0.542311
5.6923,150.9080,Opening gripper and moving camera/gripper to the visually aligned cube,-0.000097,0.002366,-1.716908,-0.497199,0.000066,0.760002,0.020000,0.205042,0.545744,0.539555,0.541725
5.7158,150.9280,Opening gripper and moving camera/gripper to the visually aligned cube,-0.000097,0.000284,-1.719688,-0.499700,0.000067,0.760002,0.020000,0.204338,0.545284,0.539113,0.541281
5.7366,150.9480,Opening gripper and moving camera/gripper to the visually aligned cube,-0.000097,0.000049,-1.720040,-0.500017,0.000068,0.760002,0.020000,0.204282,0.545250,0.539081,0.541249
5.7555,150.9680,Opening gripper and moving camera/gripper to the visually aligned cube,-0.000097,0.000067,-1.720040,-0.500017,0.000068,0.760002,0.020000,0.204300,0.545255,0.539087,0.541252
5.7782,150.9880,Opening gripper and moving camera/gripper to the visually aligned cube,-0.000097,0.000080,-1.720040,-0.500017,0.000068,0.760002,0.020000,0.204290,0.545252,0.539082,0.541251
5.7953,151.0080,Opening gripper and moving camera/gripper to the visually aligned cube,-0.000097,0.000080,-1.720040,-0.500017,0.000068,0.760002,0.020000,0.204283,0.545250,0.539082,0.541247
5.8194,151.0280,Opening gripper and moving camera/gripper to the visually aligned cube,-0.000097,-0.000048,-1.720040,-0.500016,0.000068,0.760002,0.020000,0.204307,0.545256,0.539086,0.541254
5.8362,151.0480,Opening gripper and moving camera/gripper to the visually aligned cube,-0.000097,0.000048,-1.720040,-0.500016,0.000068,0.760002,0.020000,0.204285,0.545250,0.539080,0.541248
5.8573,151.0680,Opening gripper and moving camera/gripper to the visually aligned cube,-0.000097,0.000048,-1.720040,-0.500016,0.000068,0.760002,0.020000,0.204303,0.545255,0.539086,0.541252
5.8789,151.0880,Opening gripper and moving camera/gripper to the visually aligned cube,-0.000097,0.000079,-1.720040,-0.500016,0.000068,0.760002,0.020000,0.204294,0.545252,0.539082,0.541250
5.8964,151.1080,Opening gripper and moving camera/gripper to the visually aligned cube,-0.000097,-0.000055,-1.720040,-0.500016,0.000068,0.760002,0.020000,0.204287,0.545250,0.539081,0.541247
5.9188,151.1280,Opening gripper and moving camera/gripper to the visually aligned cube,-0.000097,-0.000047,-1.720040,-0.500016,0.000068,0.760002,0.020000,0.204310,0.545256,0.539085,0.541254
5.9368,151.1480,Opening gripper and moving camera/gripper to the visually aligned cube,-0.000097,-0.000047,-1.720040,-0.500016,0.000068,0.760002,0.020000,0.204289,0.545250,0.539079,0.541249
5.9561,151.1680,Opening gripper and moving camera/gripper to the visually aligned cube,-0.000097,0.000065,-1.720040,-0.500016,0.000068,0.760002,0.020000,0.204307,0.545255,0.539085,0.541252
5.9773,151.1880,Opening gripper and moving camera/gripper to the visually aligned cube,-0.000097,0.000065,-1.720040,-0.500016,0.000068,0.760002,0.020000,0.204312,0.545256,0.539086,0.541253
5.9965,151.2080,Opening gripper and moving camera/gripper to the visually aligned cube,-0.000097,-0.000054,-1.720040,-0.500016,0.000068,0.760002,0.020000,0.204309,0.545255,0.539084,0.541253
6.0173,151.2280,Velocity control source=visual (previous=navigation; stopping base for failed-pick recovery),-0.000097,-0.000047,-1.720040,-0.500016,0.000068,0.760002,0.020000,0.204314,0.545256,0.539085,0.541254
6.0365,151.2480,Navigation mode=main_legacy; global laser obstacle layer=enabled (failed pickup: return to recognition navigation),-0.000097,-0.000047,-1.720040,-0.500016,0.000068,0.760002,0.020000,0.204292,0.545250,0.538962,0.541153
6.0564,151.2680,Navigation mode=main_legacy; global laser obstacle layer=enabled (failed pickup: return to recognition navigation),-0.000097,0.000047,-1.720040,-0.500016,0.000068,0.760002,0.020000,0.204299,0.545252,0.538728,0.540962
6.0792,151.2880,Navigation mode=main_legacy; global laser obstacle layer=enabled (failed pickup: return to recognition navigation),-0.000097,0.000078,-1.720040,-0.500017,0.000068,0.800002,0.020000,0.204301,0.545252,0.538489,0.540765
6.0966,151.3080,Navigation mode=main_legacy; global laser obstacle layer=enabled (failed pickup: return to recognition navigation),-0.000097,-0.000053,-1.720040,-0.500017,0.000068,0.820002,0.020000,0.204312,0.545255,0.538248,0.540567
6.1177,151.3280,Navigation mode=main_legacy; global laser obstacle layer=enabled (failed pickup: return to recognition navigation),-0.000097,-0.000046,-1.720040,-0.500017,0.000068,0.840002,0.020000,0.204317,0.545256,0.538002,0.540363
6.1360,151.3480,Navigation mode=main_legacy; global laser obstacle layer=enabled (failed pickup: return to recognition navigation),-0.000097,-0.000046,-1.720040,-0.500017,0.000068,0.840002,0.020000,0.204296,0.545250,0.537746,0.540148
6.1557,151.3680,Navigation mode=main_legacy; global laser obstacle layer=enabled (failed pickup: return to recognition navigation),-0.000097,0.000065,-1.720040,-0.500017,0.000067,0.880002,0.020000,0.204314,0.545255,0.537626,0.540045
6.1789,151.3880,Navigation mode=main_legacy; global laser obstacle layer=enabled (failed pickup: return to recognition navigation),-0.000097,0.000078,-1.720040,-0.500017,0.000067,0.900002,0.020000,0.204304,0.545252,0.537237,0.539720
6.2072,151.4080,Navigation mode=main_legacy; global laser obstacle layer=enabled (failed pickup: return to recognition navigation),-0.000097,-0.000053,-1.720040,-0.500017,0.000067,0.920002,0.020000,0.204315,0.545254,0.536980,0.539502
6.2271,151.4280,Navigation mode=main_legacy; global laser obstacle layer=enabled (failed pickup: return to recognition navigation),-0.000097,-0.000046,-1.720040,-0.500017,0.000067,0.940002,0.020000,0.204320,0.545256,0.536718,0.539278
6.2476,151.4480,Navigation mode=main_legacy; global laser obstacle layer=enabled (failed pickup: return to recognition navigation),-0.000097,0.000046,-1.720040,-0.500017,0.000067,0.960002,0.020000,0.204306,0.545251,0.536583,0.539159
6.2664,151.4680,Navigation mode=main_legacy; global laser obstacle layer=enabled (failed pickup: return to recognition navigation),-0.000097,0.000065,-1.720040,-0.500017,0.000067,0.980002,0.020000,0.204306,0.545251,0.536179,0.538814
6.2868,151.4880,Navigation mode=main_legacy; global laser obstacle layer=enabled (failed pickup: return to recognition navigation),-0.000097,0.000078,-1.720040,-0.500017,0.000067,1.000002,0.020000,0.204349,0.545290,0.536081,0.538735
6.3076,151.5080,Navigation mode=main_legacy; global laser obstacle layer=enabled (failed pickup: return to recognition navigation),-0.000097,-0.000067,-1.719467,-0.499597,0.000067,1.000002,0.020000,0.204692,0.545598,0.536370,0.539031
6.3258,151.5280,Navigation mode=main_legacy; global laser obstacle layer=enabled (failed pickup: return to recognition navigation),-0.000097,-0.000067,-1.719467,-0.499597,0.000067,1.000002,0.020000,0.204980,0.545863,0.536621,0.539282
6.3481,151.5480,Navigation mode=main_legacy; global laser obstacle layer=enabled (failed pickup: return to recognition navigation),-0.000097,-0.000830,-1.714944,-0.496280,0.000066,1.000002,0.020000,0.206335,0.547097,0.537778,0.540460
6.3693,151.5680,Navigation mode=main_legacy; global laser obstacle layer=enabled (failed pickup: return to recognition navigation),-0.000097,-0.001476,-1.711071,-0.493440,0.000066,1.000002,0.020000,0.207627,0.548266,0.538876,0.541574
6.3874,151.5880,Navigation mode=main_legacy; global laser obstacle layer=enabled (failed pickup: return to recognition navigation),-0.000097,-0.002294,-1.706163,-0.489841,0.000066,1.000002,0.020000,0.209227,0.549702,0.540226,0.542941
6.4076,151.6080,Navigation mode=main_legacy; global laser obstacle layer=enabled (failed pickup: return to recognition navigation),-0.000097,-0.003280,-1.700245,-0.485501,0.000066,1.000002,0.020000,0.211126,0.551391,0.541813,0.544549
6.4268,151.6280,Navigation mode=main_legacy; global laser obstacle layer=enabled (failed pickup: return to recognition navigation),-0.000097,-0.004425,-1.693372,-0.480462,0.000065,1.000002,0.020000,0.213315,0.553319,0.543624,0.546383
6.4482,151.6480,Navigation mode=main_legacy; global laser obstacle layer=enabled (failed pickup: return to recognition navigation),-0.000097,-0.004425,-1.693372,-0.480462,0.000065,1.000002,0.020000,0.215793,0.555475,0.545651,0.548435
6.4670,151.6680,Navigation mode=main_legacy; global laser obstacle layer=enabled (failed pickup: return to recognition navigation),-0.000097,-0.007179,-1.676847,-0.468344,0.000065,1.000002,0.020000,0.217140,0.556637,0.546744,0.549539
6.4883,151.6880,Navigation mode=main_legacy; global laser obstacle layer=enabled (failed pickup: return to recognition navigation),-0.000097,-0.007179,-1.676847,-0.468344,0.000065,1.000002,0.020000,0.221615,0.560441,0.550319,0.553160
6.5081,151.7080,Navigation mode=main_legacy; global laser obstacle layer=enabled (failed pickup: return to recognition navigation),-0.000097,-0.008782,-1.667227,-0.461290,0.000064,1.000002,0.020000,0.223252,0.561811,0.551609,0.554462
6.5267,151.7280,Navigation mode=main_legacy; global laser obstacle layer=enabled (failed pickup: return to recognition navigation),-0.000097,-0.012426,-1.645352,-0.445248,0.000063,1.000002,0.020000,0.226741,0.564697,0.554324,0.557209
6.5479,151.7480,Navigation mode=main_legacy; global laser obstacle layer=enabled (failed pickup: return to recognition navigation),-0.000097,-0.012426,-1.645352,-0.445248,0.000063,1.000002,0.020000,0.232516,0.569370,0.558719,0.561658
6.5679,151.7680,Navigation mode=main_legacy; global laser obstacle layer=enabled (failed pickup: return to recognition navigation),-0.000096,-0.016639,-1.620070,-0.426709,0.000061,1.000003,0.020000,0.234586,0.571013,0.560268,0.563222
6.5903,151.7880,Navigation mode=main_legacy; global laser obstacle layer=enabled (failed pickup: return to recognition navigation),-0.000096,-0.018951,-1.606191,-0.416532,0.000061,1.000003,0.020000,0.241226,0.576183,0.565135,0.568146
6.6094,151.8080,Navigation mode=main_legacy; global laser obstacle layer=enabled (failed pickup: return to recognition navigation),-0.000096,-0.018951,-1.606191,-0.416532,0.000061,1.000003,0.020000,0.246011,0.579814,0.568555,0.571603
6.6387,151.8280,Navigation mode=main_legacy; global laser obstacle layer=enabled (failed pickup: return to recognition navigation),-0.000096,-0.023975,-1.576041,-0.394422,0.000059,1.000003,0.020000,0.251082,0.583576,0.572100,0.575187
6.6584,151.8480,Navigation mode=main_legacy; global laser obstacle layer=enabled (failed pickup: return to recognition navigation),-0.000096,-0.023975,-1.576041,-0.394422,0.000059,1.000003,0.020000,0.256437,0.587458,0.575760,0.578885
6.6803,151.8680,Navigation mode=main_legacy; global laser obstacle layer=enabled (failed pickup: return to recognition navigation),-0.000096,-0.029513,-1.542805,-0.370050,0.000058,1.000003,0.020000,0.262072,0.591446,0.579522,0.582685
6.6984,151.8880,Navigation mode=main_legacy; global laser obstacle layer=enabled (failed pickup: return to recognition navigation),-0.000096,-0.032468,-1.525070,-0.357045,0.000057,1.000003,0.020000,0.267984,0.595526,0.583372,0.586575
6.7189,151.9080,Navigation mode=main_legacy; global laser obstacle layer=enabled (failed pickup: return to recognition navigation),-0.000096,-0.035543,-1.506611,-0.343510,0.000056,1.000003,0.020000,0.274170,0.599685,0.587298,0.590540
6.7382,151.9280,Navigation mode=main_legacy; global laser obstacle layer=enabled (failed pickup: return to recognition navigation),-0.000096,-0.038736,-1.487446,-0.329456,0.000056,1.000003,0.020000,0.277363,0.601789,0.589287,0.592545
6.7589,151.9480,Navigation mode=main_legacy; global laser obstacle layer=enabled (failed pickup: return to recognition navigation),-0.000096,-0.042045,-1.467604,-0.314895,0.000055,1.000003,0.020000,0.287285,0.608152,0.595297,0.598615
6.7786,151.9680,Navigation mode=main_legacy; global laser obstacle layer=enabled (failed pickup: return to recognition navigation),-0.000096,-0.042045,-1.467604,-0.314895,0.000055,1.000003,0.020000,0.294019,0.612338,0.599254,0.602609
6.7978,151.9880,Navigation mode=main_legacy; global laser obstacle layer=enabled (failed pickup: return to recognition navigation),-0.000095,-0.048997,-1.427604,-0.284300,0.000054,1.000003,0.020000,0.300820,0.616461,0.603153,0.606543
6.8189,152.0080,Navigation mode=main_legacy; global laser obstacle layer=enabled (failed pickup: return to recognition navigation),-0.000095,-0.052634,-1.407604,-0.268289,0.000053,1.000003,0.020000,0.307683,0.620516,0.606988,0.610412
6.8387,152.0280,Navigation mode=main_legacy; global laser obstacle layer=enabled (failed pickup: return to recognition navigation),-0.000095,-0.056377,-1.387604,-0.251819,0.000053,1.000003,0.020000,0.314600,0.624496,0.610755,0.614211
6.8679,152.0480,Navigation mode=main_legacy; global laser obstacle layer=enabled (failed pickup: return to recognition navigation),-0.000095,-0.060221,-1.367604,-0.234900,0.000052,1.000003,0.020000,0.321567,0.628398,0.614449,0.617935
6.8836,152.0680,Navigation mode=main_legacy; global laser obstacle layer=enabled (failed pickup: return to recognition navigation),-0.000095,-0.060221,-1.367604,-0.234900,0.000052,1.000003,0.020000,0.325067,0.630317,0.616268,0.619766
6.9034,152.0880,Navigation mode=main_legacy; global laser obstacle layer=enabled (failed pickup: return to recognition navigation),-0.000095,-0.068204,-1.327605,-0.199767,0.000052,1.000003,0.020000,0.335622,0.635940,0.621597,0.625138
6.9250,152.1080,Navigation mode=main_legacy; global laser obstacle layer=enabled (failed pickup: return to recognition navigation),-0.000094,-0.072337,-1.307605,-0.181576,0.000051,1.000003,0.020000,0.342696,0.639571,0.625041,0.628607
6.9463,152.1280,Navigation mode=main_legacy; global laser obstacle layer=enabled (failed pickup: return to recognition navigation),-0.000094,-0.076562,-1.287605,-0.162983,0.000051,1.000003,0.020000,0.349790,0.643101,0.628393,0.631982
6.9633,152.1480,Navigation mode=main_legacy; global laser obstacle layer=enabled (failed pickup: return to recognition navigation),-0.000094,-0.076562,-1.287605,-0.162983,0.000051,1.000003,0.020000,0.353343,0.644826,0.630033,0.633631
6.9836,152.1680,Navigation mode=main_legacy; global laser obstacle layer=enabled (failed pickup: return to recognition navigation),-0.000094,-0.085273,-1.247606,-0.124643,0.000051,1.000003,0.020000,0.364009,0.649837,0.634798,0.638425
7.0032,152.1880,Navigation mode=main_legacy; global laser obstacle layer=enabled (failed pickup: return to recognition navigation),-0.000094,-0.089755,-1.227606,-0.104919,0.000051,1.000003,0.020000,0.371117,0.653033,0.637842,0.641486
7.0233,152.2080,Navigation mode=main_legacy; global laser obstacle layer=enabled (failed pickup: return to recognition navigation),-0.000094,-0.094317,-1.207606,-0.084924,0.000051,1.000003,0.020000,0.378175,0.656093,0.640761,0.644419
7.0465,152.2280,Navigation mode=main_legacy; global laser obstacle layer=enabled (failed pickup: return to recognition navigation),-0.000094,-0.098957,-1.187607,-0.064924,0.000051,1.000003,0.020000,0.385163,0.659012,0.643550,0.647219
7.0677,152.2480,Navigation mode=main_legacy; global laser obstacle layer=enabled (failed pickup: return to recognition navigation),-0.000094,-0.103672,-1.167607,-0.044924,0.000051,1.000003,0.020000,0.392074,0.661788,0.646207,0.649885
7.0873,152.2680,Navigation mode=main_legacy; global laser obstacle layer=enabled (failed pickup: return to recognition navigation),-0.000093,-0.108459,-1.147607,-0.024925,0.000051,1.000003,0.020000,0.398904,0.664421,0.648733,0.652417
7.1086,152.2880,Navigation mode=main_legacy; global laser obstacle layer=enabled (failed pickup: return to recognition navigation),-0.000093,-0.108459,-1.147607,-0.024925,0.000051,1.000003,0.020000,0.405647,0.666911,0.651127,0.654815
7.1268,152.3080,Navigation mode=main_legacy; global laser obstacle layer=enabled (failed pickup: return to recognition navigation),-0.000093,-0.113316,-1.127608,-0.004925,0.000051,1.000003,0.020000,0.408983,0.668102,0.652275,0.655963
7.1472,152.3280,Navigation mode=main_legacy; global laser obstacle layer=enabled (failed pickup: return to recognition navigation),-0.000093,-0.123228,-1.087608,0.035075,0.000051,1.000003,0.020000,0.418847,0.671459,0.655517,0.659205
7.1670,152.3480,Navigation mode=main_legacy; global laser obstacle layer=enabled (failed pickup: return to recognition navigation),-0.000093,-0.123228,-1.087608,0.035075,0.000051,1.000003,0.020000,0.422084,0.672506,0.656532,0.660217
7.1869,152.3680,Navigation mode=main_legacy; global laser obstacle layer=enabled (failed pickup: return to recognition navigation),-0.000093,-0.133387,-1.047609,0.075074,0.000052,1.000003,0.020000,0.431633,0.675430,0.659374,0.663052
7.2069,152.3880,Navigation mode=main_legacy; global laser obstacle layer=enabled (failed pickup: return to recognition navigation),-0.000093,-0.138552,-1.027609,0.095074,0.000052,1.000003,0.020000,0.437858,0.677198,0.661102,0.664772
7.2266,152.4080,Navigation mode=main_legacy; global laser obstacle layer=enabled (failed pickup: return to recognition navigation),-0.000093,-0.138552,-1.027609,0.095074,0.000052,1.000003,0.020000,0.443964,0.678820,0.662696,0.666355
7.2471,152.4280,Navigation mode=main_legacy; global laser obstacle layer=enabled (failed pickup: return to recognition navigation),-0.000093,-0.149041,-0.987610,0.135074,0.000052,1.000003,0.020000,0.449947,0.680298,0.664155,0.667802
7.2659,152.4480,Navigation mode=main_legacy; global laser obstacle layer=enabled (failed pickup: return to recognition navigation),-0.000093,-0.149041,-0.987610,0.135074,0.000052,1.000003,0.020000,0.452891,0.680982,0.664835,0.668474
7.2879,152.4680,Navigation mode=main_legacy; global laser obstacle layer=enabled (failed pickup: return to recognition navigation),-0.000093,-0.159722,-0.947611,0.175073,0.000052,1.000003,0.020000,0.461526,0.682815,0.666671,0.670284
7.3076,152.4880,Navigation mode=main_legacy; global laser obstacle layer=enabled (failed pickup: return to recognition navigation),-0.000093,-0.165129,-0.927611,0.195073,0.000053,1.000003,0.020000,0.467113,0.683854,0.667727,0.671320
7.3261,152.5080,Navigation mode=main_legacy; global laser obstacle layer=enabled (failed pickup: return to recognition navigation),-0.000093,-0.170576,-0.907612,0.215073,0.000053,1.000003,0.020000,0.472559,0.684748,0.668648,0.672219
7.3486,152.5280,Navigation mode=main_legacy; global laser obstacle layer=enabled (failed pickup: return to recognition navigation),-0.000093,-0.176060,-0.887612,0.235073,0.000053,1.000003,0.020000,0.477861,0.685496,0.669434,0.672980
7.3699,152.5480,Navigation mode=main_legacy; global laser obstacle layer=enabled (failed pickup: return to recognition navigation),-0.000093,-0.176060,-0.887612,0.235073,0.000053,1.000003,0.020000,0.480456,0.685815,0.669776,0.673309
7.3893,152.5680,Navigation mode=main_legacy; global laser obstacle layer=enabled (failed pickup: return to recognition navigation),-0.000093,-0.187132,-0.847613,0.275072,0.000052,1.000003,0.020000,0.485534,0.686344,0.670358,0.673862
7.4177,152.5880,Navigation mode=main_legacy; global laser obstacle layer=enabled (failed pickup: return to recognition navigation),-0.000093,-0.187132,-0.847613,0.275072,0.000052,1.000003,0.020000,0.492861,0.686863,0.670977,0.674434
7.4378,152.6080,Navigation mode=main_legacy; global laser obstacle layer=enabled (failed pickup: return to recognition navigation),-0.000093,-0.198321,-0.807614,0.315072,0.000052,1.000003,0.020000,0.497548,0.687027,0.671222,0.674645
7.4577,152.6280,Navigation mode=main_legacy; global laser obstacle layer=enabled (failed pickup: return to recognition navigation),-0.000093,-0.203953,-0.787614,0.335072,0.000052,1.000003,0.020000,0.502072,0.687045,0.671332,0.674720
7.4828,152.6480,Navigation mode=main_legacy; global laser obstacle layer=enabled (failed pickup: return to recognition navigation),-0.000093,-0.209607,-0.767615,0.355072,0.000052,1.000003,0.020000,0.506431,0.686917,0.671307,0.674659
7.4957,152.6680,Navigation mode=main_legacy; global laser obstacle layer=enabled (failed pickup: return to recognition navigation),-0.000093,-0.209607,-0.767615,0.355072,0.000052,1.000003,0.020000,0.508547,0.686799,0.671243,0.674577
7.5178,152.6880,Navigation mode=main_legacy; global laser obstacle layer=enabled (failed pickup: return to recognition navigation),-0.000093,-0.220968,-0.727616,0.395071,0.000052,1.000003,0.020000,0.514640,0.686226,0.670853,0.674127
7.5368,152.7080,Navigation mode=main_legacy; global laser obstacle layer=enabled (failed pickup: return to recognition navigation),-0.000093,-0.220968,-0.727616,0.395071,0.000052,1.000003,0.020000,0.518485,0.685663,0.670425,0.673657
7.5568,152.7280,Navigation mode=main_legacy; global laser obstacle layer=enabled (failed pickup: return to recognition navigation),-0.000093,-0.232384,-0.687617,0.435071,0.000052,1.000003,0.020000,0.520342,0.685328,0.670160,0.673371
7.5787,152.7480,Navigation mode=main_legacy; global laser obstacle layer=enabled (failed pickup: return to recognition navigation),-0.000093,-0.232384,-0.687617,0.435071,0.000052,1.000003,0.020000,0.525643,0.684105,0.669167,0.672310
7.5960,152.7680,Navigation mode=main_legacy; global laser obstacle layer=enabled (failed pickup: return to recognition navigation),-0.000093,-0.243833,-0.647618,0.475070,0.000052,1.000003,0.020000,0.528951,0.683110,0.668339,0.671433
7.6180,152.7880,Navigation mode=main_legacy; global laser obstacle layer=enabled (failed pickup: return to recognition navigation),-0.000093,-0.249562,-0.627618,0.495070,0.000052,1.000003,0.020000,0.532076,0.681971,0.667379,0.670422
7.6439,152.8080,Navigation mode=main_legacy; global laser obstacle layer=enabled (failed pickup: return to recognition navigation),-0.000093,-0.255292,-0.607619,0.515070,0.000052,1.000003,0.020000,0.535014,0.680690,0.666286,0.669277
7.6633,152.8280,Navigation mode=main_legacy; global laser obstacle layer=enabled (failed pickup: return to recognition navigation),-0.000093,-0.261019,-0.587619,0.535070,0.000053,1.000003,0.020000,0.537766,0.679267,0.665062,0.667999
7.6828,152.8480,Navigation mode=main_legacy; global laser obstacle layer=enabled (failed pickup: return to recognition navigation),-0.000093,-0.261019,-0.587619,0.535070,0.000053,1.000003,0.020000,0.540328,0.677703,0.663707,0.666587
7.7019,152.8680,Navigation mode=main_legacy; global laser obstacle layer=enabled (failed pickup: return to recognition navigation),-0.000093,-0.266741,-0.567620,0.555070,0.000053,1.000003,0.020000,0.542699,0.675997,0.662221,0.665043
7.7228,152.8880,Navigation mode=main_legacy; global laser obstacle layer=enabled (failed pickup: return to recognition navigation),-0.000093,-0.278159,-0.527621,0.595070,0.000053,1.000003,0.020000,0.544878,0.674151,0.660606,0.663366
7.7444,152.9080,Navigation mode=main_legacy; global laser obstacle layer=enabled (failed pickup: return to recognition navigation),-0.000093,-0.283849,-0.507621,0.615070,0.000053,1.000003,0.020000,0.546863,0.672166,0.658862,0.661559
7.7616,152.9280,Navigation mode=main_legacy; global laser obstacle layer=enabled (failed pickup: return to recognition navigation),-0.000093,-0.289523,-0.487622,0.635070,0.000053,1.000003,0.020000,0.548654,0.670042,0.656989,0.659622
7.7859,152.9480,Navigation mode=main_legacy; global laser obstacle layer=enabled (failed pickup: return to recognition navigation),-0.000094,-0.295179,-0.467622,0.655070,0.000053,1.000003,0.020000,0.550249,0.667781,0.654990,0.657555
7.8036,152.9680,Navigation mode=main_legacy; global laser obstacle layer=enabled (failed pickup: return to recognition navigation),-0.000094,-0.295179,-0.467622,0.655070,0.000053,1.000003,0.020000,0.551647,0.665382,0.652863,0.655359
7.8236,152.9880,Navigation mode=main_legacy; global laser obstacle layer=enabled (failed pickup: return to recognition navigation),-0.000094,-0.306424,-0.427623,0.695070,0.000053,1.000003,0.020000,0.552848,0.662847,0.650611,0.653036
7.8493,153.0080,Navigation mode=main_legacy; global laser obstacle layer=enabled (failed pickup: return to recognition navigation),-0.000094,-0.312008,-0.407624,0.715070,0.000053,1.000003,0.020000,0.553850,0.660178,0.648234,0.650585
7.8670,153.0280,Navigation mode=main_legacy; global laser obstacle layer=enabled (failed pickup: return to recognition navigation),-0.000094,-0.317563,-0.387624,0.735070,0.000053,1.000003,0.020000,0.554277,0.658793,0.646998,0.649314
7.8886,153.0480,Navigation mode=main_legacy; global laser obstacle layer=enabled (failed pickup: return to recognition navigation),-0.000094,-0.323085,-0.367625,0.755070,0.000053,1.000003,0.020000,0.555260,0.654438,0.643111,0.645309
7.9075,153.0680,Navigation mode=main_legacy; global laser obstacle layer=enabled (failed pickup: return to recognition navigation),-0.000094,-0.328573,-0.347625,0.775070,0.000053,1.000003,0.020000,0.555666,0.651370,0.640366,0.642485
7.9286,153.0880,Navigation mode=main_legacy; global laser obstacle layer=enabled (failed pickup: return to recognition navigation),-0.000094,-0.328573,-0.347625,0.775070,0.000053,1.000003,0.020000,0.555873,0.648171,0.637502,0.639539
7.9474,153.1080,Navigation mode=main_legacy; global laser obstacle layer=enabled (failed pickup: return to recognition navigation),-0.000094,-0.339435,-0.307626,0.815070,0.000053,1.000003,0.020000,0.555902,0.646524,0.636023,0.638021
7.9686,153.1280,Navigation mode=main_legacy; global laser obstacle layer=enabled (failed pickup: return to recognition navigation),-0.000094,-0.344803,-0.287627,0.835070,0.000053,1.000003,0.020000,0.555692,0.641389,0.631417,0.633285
7.9930,153.1480,Navigation mode=main_legacy; global laser obstacle layer=enabled (failed pickup: return to recognition navigation),-0.000094,-0.350125,-0.267627,0.855070,0.000053,1.000003,0.020000,0.555304,0.637808,0.628199,0.629980
8.0135,153.1680,Navigation mode=main_legacy; global laser obstacle layer=enabled (failed pickup: return to recognition navigation),-0.000094,-0.355400,-0.247628,0.875070,0.000053,1.000002,0.020000,0.554718,0.634102,0.624867,0.626559
8.0303,153.1880,Navigation mode=main_legacy; global laser obstacle layer=enabled (failed pickup: return to recognition navigation),-0.000094,-0.355400,-0.247628,0.875070,0.000053,1.000002,0.020000,0.554352,0.632203,0.623157,0.624806
8.0520,153.2080,Navigation mode=main_legacy; global laser obstacle layer=enabled (failed pickup: return to recognition navigation),-0.000095,-0.365795,-0.207629,0.915070,0.000053,1.000002,0.020000,0.552959,0.626324,0.617865,0.619373
8.0716,153.2280,Navigation mode=main_legacy; global laser obstacle layer=enabled (failed pickup: return to recognition navigation),-0.000095,-0.370909,-0.187629,0.935070,0.000053,1.000002,0.020000,0.551786,0.622254,0.614198,0.615612
8.0909,153.2480,Navigation mode=main_legacy; global laser obstacle layer=enabled (failed pickup: return to recognition navigation),-0.000095,-0.375965,-0.167630,0.955070,0.000054,1.000002,0.020000,0.550421,0.618068,0.610424,0.611741
8.1140,153.2680,Navigation mode=main_legacy; global laser obstacle layer=enabled (failed pickup: return to recognition navigation),-0.000095,-0.380960,-0.147631,0.975070,0.000054,1.000002,0.020000,0.548863,0.613765,0.606543,0.607762
8.1312,153.2880,Navigation mode=main_legacy; global laser obstacle layer=enabled (failed pickup: return to recognition navigation),-0.000095,-0.385890,-0.127631,0.995070,0.000054,1.000002,0.020000,0.547116,0.609349,0.602558,0.603678
8.1513,153.3080,Navigation mode=main_legacy; global laser obstacle layer=enabled (failed pickup: return to recognition navigation),-0.000095,-0.390754,-0.107632,1.015071,0.000054,1.000002,0.020000,0.546171,0.607099,0.600526,0.601598
8.1717,153.3280,Navigation mode=main_legacy; global laser obstacle layer=enabled (failed pickup: return to recognition navigation),-0.000095,-0.395548,-0.087632,1.035071,0.000055,1.000002,0.020000,0.544141,0.602517,0.596389,0.597360
8.1905,153.3480,Navigation mode=main_legacy; global laser obstacle layer=enabled (failed pickup: return to recognition navigation),-0.000095,-0.400270,-0.067633,1.055071,0.000055,1.000002,0.020000,0.541926,0.597828,0.592153,0.593021
8.2135,153.3680,Navigation mode=main_legacy; global laser obstacle layer=enabled (failed pickup: return to recognition navigation),-0.000095,-0.404917,-0.047633,1.075071,0.000055,1.000002,0.020000,0.538261,0.590596,0.585621,0.586328
8.2311,153.3880,Navigation mode=main_legacy; global laser obstacle layer=enabled (failed pickup: return to recognition navigation),-0.000095,-0.409487,-0.027634,1.095071,0.000056,1.000002,0.020000,0.535592,0.585648,0.581149,0.581749
8.2574,153.4080,Navigation mode=main_legacy; global laser obstacle layer=enabled (failed pickup: return to recognition navigation),-0.000095,-0.413977,-0.007637,1.115071,0.000056,1.000002,0.020000,0.532747,0.580600,0.576587,0.577078
8.2713,153.4280,Navigation mode=main_legacy; global laser obstacle layer=enabled (failed pickup: return to recognition navigation),-0.000095,-0.418384,0.012353,1.135072,0.000057,1.000002,0.020000,0.529728,0.575459,0.571939,0.572321
8.2905,153.4480,Navigation mode=main_legacy; global laser obstacle layer=enabled (failed pickup: return to recognition navigation),-0.000095,-0.418384,0.012353,1.135072,0.000057,1.000002,0.020000,0.528153,0.572852,0.569580,0.569910
8.3123,153.4680,Navigation mode=main_legacy; global laser obstacle layer=enabled (failed pickup: return to recognition navigation),-0.000095,-0.426938,0.052364,1.175072,0.000058,1.000002,0.020000,0.524879,0.567571,0.564805,0.565025
8.3309,153.4880,Navigation mode=main_legacy; global laser obstacle layer=enabled (failed pickup: return to recognition navigation),-0.000095,-0.431081,0.072364,1.195073,0.000059,1.000002,0.020000,0.519656,0.559486,0.557492,0.557551
8.3513,153.5080,Navigation mode=main_legacy; global laser obstacle layer=enabled (failed pickup: return to recognition navigation),-0.000095,-0.431081,0.072364,1.195073,0.000059,1.000002,0.020000,0.515973,0.553992,0.552520,0.552474
8.3721,153.5280,Navigation mode=main_legacy; global laser obstacle layer=enabled (failed pickup: return to recognition navigation),-0.000095,-0.439083,0.112363,1.235073,0.000061,1.000002,0.020000,0.512132,0.548419,0.547476,0.547324
8.3918,153.5480,Navigation mode=main_legacy; global laser obstacle layer=enabled (failed pickup: return to recognition navigation),-0.000095,-0.442937,0.132362,1.255073,0.000062,1.000002,0.020000,0.508139,0.542770,0.542363,0.542104
8.4125,153.5680,Navigation mode=main_legacy; global laser obstacle layer=enabled (failed pickup: return to recognition navigation),-0.000095,-0.446689,0.152362,1.275074,0.000064,1.000002,0.020000,0.506086,0.539919,0.539781,0.539471
8.4316,153.5880,Navigation mode=main_legacy; global laser obstacle layer=enabled (failed pickup: return to recognition navigation),-0.000095,-0.450338,0.172362,1.295074,0.000065,1.000001,0.020000,0.499709,0.531263,0.531949,0.531470
8.4516,153.6080,Navigation mode=main_legacy; global laser obstacle layer=enabled (failed pickup: return to recognition navigation),-0.000095,-0.450338,0.172362,1.295074,0.000065,1.000001,0.020000,0.495282,0.525413,0.526654,0.526064
8.4714,153.6280,Navigation mode=main_legacy; global laser obstacle layer=enabled (failed pickup: return to recognition navigation),-0.000095,-0.457311,0.212361,1.335075,0.000068,1.000001,0.020000,0.490719,0.519504,0.521307,0.520604
8.4912,153.6480,Navigation mode=main_legacy; global laser obstacle layer=enabled (failed pickup: return to recognition navigation),-0.000095,-0.460630,0.232360,1.355075,0.000069,1.000001,0.020000,0.486026,0.513541,0.515912,0.515095
8.5128,153.6680,Navigation mode=main_legacy; global laser obstacle layer=enabled (failed pickup: return to recognition navigation),-0.000095,-0.463835,0.252360,1.375076,0.000071,1.000001,0.020000,0.481208,0.507530,0.510473,0.509542
8.5309,153.6880,Navigation mode=main_legacy; global laser obstacle layer=enabled (failed pickup: return to recognition navigation),-0.000095,-0.463835,0.252360,1.375076,0.000071,1.000001,0.020000,0.476269,0.501475,0.504996,0.503950
8.5522,153.7080,Navigation mode=main_legacy; global laser obstacle layer=enabled (failed pickup: return to recognition navigation),-0.000095,-0.469889,0.292359,1.415077,0.000074,1.000001,0.020000,0.471216,0.495382,0.499484,0.498323
8.5715,153.7280,Navigation mode=main_legacy; global laser obstacle layer=enabled (failed pickup: return to recognition navigation),-0.000095,-0.472733,0.312359,1.435077,0.000076,1.000001,0.020000,0.466053,0.489257,0.493943,0.492666
8.5913,153.7480,Navigation mode=main_legacy; global laser obstacle layer=enabled (failed pickup: return to recognition navigation),-0.000095,-0.472733,0.312359,1.435077,0.000076,1.000001,0.020000,0.460788,0.483104,0.488378,0.486986
8.6134,153.7680,Navigation mode=main_legacy; global laser obstacle layer=enabled (failed pickup: return to recognition navigation),-0.000095,-0.475452,0.332358,1.455078,0.000078,1.000001,0.020000,0.455425,0.476932,0.482796,0.481288
8.6312,153.7880,Navigation mode=main_legacy; global laser obstacle layer=enabled (failed pickup: return to recognition navigation),-0.000095,-0.478042,0.352358,1.475078,0.000080,1.000001,0.020000,0.449972,0.470745,0.477201,0.475578
8.6521,153.8080,Navigation mode=main_legacy; global laser obstacle layer=enabled (failed pickup: return to recognition navigation),-0.000095,-0.480501,0.372358,1.495079,0.000082,1.000001,0.020000,0.447213,0.467649,0.474398,0.472723
8.6716,153.8280,Navigation mode=main_legacy; global laser obstacle layer=enabled (failed pickup: return to recognition navigation),-0.000095,-0.482826,0.392357,1.515079,0.000084,1.000001,0.020000,0.438818,0.458357,0.465998,0.464148
8.6909,153.8480,Navigation mode=main_legacy; global laser obstacle layer=enabled (failed pickup: return to recognition navigation),-0.000095,-0.485015,0.412357,1.535080,0.000087,1.000001,0.020000,0.435983,0.455263,0.463197,0.461295
8.7121,153.8680,Navigation mode=main_legacy; global laser obstacle layer=enabled (failed pickup: return to recognition navigation),-0.000095,-0.487066,0.432357,1.555081,0.000089,1.000001,0.020000,0.427379,0.445999,0.454821,0.452747
8.7322,153.8880,Navigation mode=main_legacy; global laser obstacle layer=enabled (failed pickup: return to recognition navigation),-0.000095,-0.490738,0.472356,1.595082,0.000093,1.000000,0.020000,0.421571,0.439850,0.449259,0.447075
8.7519,153.9080,Navigation mode=main_legacy; global laser obstacle layer=enabled (failed pickup: return to recognition navigation),-0.000095,-0.492356,0.492356,1.615083,0.000095,1.000000,0.020000,0.418647,0.436786,0.446485,0.444251
8.7709,153.9280,Navigation mode=main_legacy; global laser obstacle layer=enabled (failed pickup: return to recognition navigation),-0.000095,-0.493823,0.512355,1.635083,0.000098,1.000000,0.020000,0.412767,0.430687,0.440966,0.438626
8.7921,153.9480,Navigation mode=main_legacy; global laser obstacle layer=enabled (failed pickup: return to recognition navigation),-0.000095,-0.493823,0.512355,1.635083,0.000098,1.000000,0.020000,0.403876,0.421625,0.432765,0.430264
8.8142,153.9680,Navigation mode=main_legacy; global laser obstacle layer=enabled (failed pickup: return to recognition navigation),-0.000095,-0.496298,0.552355,1.675085,0.000102,1.000000,0.020000,0.397914,0.415655,0.427356,0.424755
8.8313,153.9880,Navigation mode=main_legacy; global laser obstacle layer=enabled (failed pickup: return to recognition navigation),-0.000095,-0.497301,0.572354,1.688651,0.000104,1.000000,0.020000,0.395875,0.413479,0.425354,0.422727
8.8531,154.0080,Navigation mode=main_legacy; global laser obstacle layer=enabled (failed pickup: return to recognition navigation),-0.000095,-0.498142,0.592354,1.692357,0.000106,1.000000,0.020000,0.390491,0.407581,0.419902,0.417193
8.8716,154.0280,Navigation mode=main_legacy; global laser obstacle layer=enabled (failed pickup: return to recognition navigation),-0.000095,-0.498142,0.592354,1.692357,0.000106,1.000000,0.020000,0.386977,0.403728,0.416329,0.413572
8.8922,154.0480,Navigation mode=main_legacy; global laser obstacle layer=enabled (failed pickup: return to recognition navigation),-0.000095,-0.499334,0.632354,1.697604,0.000109,1.000000,0.020000,0.383523,0.399937,0.412804,0.410002
8.9144,154.0680,Navigation mode=main_legacy; global laser obstacle layer=enabled (failed pickup: return to recognition navigation),-0.000095,-0.499679,0.652353,1.699122,0.000110,1.000000,0.020000,0.380131,0.396204,0.409325,0.406481
8.9354,154.0880,Navigation mode=main_legacy; global laser obstacle layer=enabled (failed pickup: return to recognition navigation),-0.000095,-0.499853,0.672353,1.699887,0.000111,1.000000,0.020000,0.376799,0.392528,0.405890,0.403006
8.9518,154.1080,Navigation mode=main_legacy; global laser obstacle layer=enabled (failed pickup: return to recognition navigation),-0.000095,-0.499853,0.672353,1.699887,0.000111,1.000000,0.020000,0.375145,0.390704,0.404181,0.401282
8.9721,154.1280,Navigation mode=main_legacy; global laser obstacle layer=enabled (failed pickup: return to recognition navigation),-0.000095,-0.499874,0.712353,1.699985,0.000113,1.000000,0.020000,0.370138,0.385232,0.399059,0.396099
8.9914,154.1480,Navigation mode=main_legacy; global laser obstacle layer=enabled (failed pickup: return to recognition navigation),-0.000095,-0.499874,0.712353,1.699985,0.000113,1.000000,0.020000,0.366764,0.381587,0.395642,0.392646
9.0137,154.1680,Navigation mode=main_legacy; global laser obstacle layer=enabled (failed pickup: return to recognition navigation),-0.000095,-0.499874,0.732353,1.699986,0.000114,1.000000,0.020000,0.363363,0.377945,0.392226,0.389193
9.0316,154.1880,Navigation mode=main_legacy; global laser obstacle layer=enabled (failed pickup: return to recognition navigation),-0.000095,-0.499874,0.772352,1.699988,0.000115,1.000000,0.020000,0.359936,0.374309,0.388811,0.385744
9.0565,154.2080,Navigation mode=main_legacy; global laser obstacle layer=enabled (failed pickup: return to recognition navigation),-0.000095,-0.499874,0.792352,1.699989,0.000116,1.000000,0.020000,0.356485,0.370680,0.385400,0.382299
9.0739,154.2280,Navigation mode=main_legacy; global laser obstacle layer=enabled (failed pickup: return to recognition navigation),-0.000095,-0.499874,0.812352,1.699990,0.000117,1.000000,0.020000,0.353011,0.367060,0.381994,0.378860
9.0910,154.2480,Navigation mode=main_legacy; global laser obstacle layer=enabled (failed pickup: return to recognition navigation),-0.000095,-0.499874,0.812352,1.699990,0.000117,1.000000,0.020000,0.351265,0.365254,0.380292,0.377146
9.1128,154.2680,Navigation mode=main_legacy; global laser obstacle layer=enabled (failed pickup: return to recognition navigation),-0.000095,-0.499874,0.852352,1.699993,0.000118,1.000000,0.020000,0.345999,0.359852,0.375203,0.372007
9.1327,154.2880,Initial arm pose restored; restarting visual recognition,-0.000095,-0.499874,0.872352,1.699994,0.000119,1.000000,0.020000,0.342465,0.356269,0.371821,0.368596
9.1522,154.3080,Initial arm pose restored; restarting visual recognition,-0.000095,-0.499874,0.872352,1.699994,0.000119,1.000000,0.020000,0.340691,0.354483,0.370132,0.366896
9.1718,154.3280,Initial arm pose restored; restarting visual recognition,-0.000095,-0.499873,0.892351,1.699995,0.000119,1.000000,0.020000,0.335345,0.349151,0.365093,0.361812
9.1917,154.3480,Initial arm pose restored; restarting visual recognition,-0.000095,-0.499873,0.912351,1.699996,0.000120,1.000000,0.020000,0.333556,0.347384,0.363417,0.360127
9.2135,154.3680,Initial arm pose restored; restarting visual recognition,-0.000095,-0.499873,0.952351,1.699998,0.000121,1.000000,0.020000,0.328168,0.342114,0.358423,0.355092
9.2319,154.3880,Initial arm pose restored; restarting visual recognition,-0.000095,-0.499873,0.972351,1.699999,0.000121,1.000000,0.020000,0.324561,0.338630,0.355114,0.351761
9.2529,154.4080,Initial arm pose restored; restarting visual recognition,-0.000095,-0.499873,0.992351,1.700001,0.000122,1.000000,0.020000,0.320944,0.335172,0.351825,0.348451
9.2719,154.4280,Initial arm pose restored; restarting visual recognition,-0.000095,-0.499873,0.992351,1.700001,0.000122,1.000000,0.020000,0.319133,0.333454,0.350188,0.346806
9.2923,154.4480,Initial arm pose restored; restarting visual recognition,-0.000096,-0.499873,1.012351,1.700002,0.000122,1.000000,0.020000,0.313686,0.328344,0.345316,0.341904
9.3143,154.4680,Initial arm pose restored; restarting visual recognition,-0.000096,-0.499873,1.032351,1.700003,0.000123,1.000000,0.020000,0.310047,0.324979,0.342099,0.338670
9.3327,154.4880,Initial arm pose restored; restarting visual recognition,-0.000096,-0.499873,1.072351,1.700005,0.000123,1.000000,0.020000,0.306404,0.321649,0.338909,0.335466
9.3526,154.5080,Initial arm pose restored; restarting visual recognition,-0.000096,-0.499873,1.092351,1.700006,0.000124,1.000000,0.020000,0.302758,0.318356,0.335750,0.332294
9.3724,154.5280,Initial arm pose restored; restarting visual recognition,-0.000096,-0.499873,1.112351,1.700007,0.000124,1.000000,0.020000,0.299111,0.315105,0.332623,0.329156
9.4057,154.5480,Initial arm pose restored; restarting visual recognition,-0.000096,-0.499873,1.132352,1.700009,0.000124,1.000000,0.020000,0.295464,0.311896,0.329530,0.326054
9.4225,154.5680,Initial arm pose restored; restarting visual recognition,-0.000096,-0.499873,1.132352,1.700009,0.000124,1.000000,0.020000,0.293641,0.310309,0.327996,0.324519
9.4442,154.5880,Initial arm pose restored; restarting visual recognition,-0.000096,-0.499873,1.152352,1.700010,0.000124,1.000000,0.020000,0.289997,0.307170,0.324966,0.321471
9.4666,154.6080,Initial arm pose restored; restarting visual recognition,-0.000096,-0.499872,1.172352,1.700011,0.000126,1.000000,0.020000,0.286356,0.304080,0.321973,0.318468
9.4903,154.6280,Initial arm pose restored; restarting visual recognition,-0.000096,-0.499873,1.192352,1.700012,0.000127,1.000000,0.020000,0.280905,0.299545,0.317561,0.314049
9.5137,154.6480,Initial arm pose restored; restarting visual recognition,-0.000096,-0.499873,1.232352,1.700015,0.000128,1.000000,0.020000,0.277279,0.296593,0.314675,0.311164
9.5307,154.6680,Initial arm pose restored; restarting visual recognition,-0.000096,-0.499873,1.252352,1.700016,0.000128,1.000000,0.020000,0.273663,0.293699,0.311836,0.308331
9.5512,154.6880,Initial arm pose restored; restarting visual recognition,-0.000096,-0.499873,1.272352,1.700017,0.000128,1.000000,0.020000,0.271859,0.292276,0.310434,0.306934
9.5709,154.7080,Initial arm pose restored; restarting visual recognition,-0.000096,-0.499873,1.279916,1.700017,0.000129,1.000000,0.020000,0.270496,0.291210,0.309381,0.305885
9.5911,154.7280,Initial arm pose restored; restarting visual recognition,-0.000096,-0.499873,1.279916,1.700017,0.000129,1.000000,0.020000,0.270496,0.291210,0.309380,0.305885
9.6159,154.7480,Initial arm pose restored; restarting visual recognition,0.001592,-0.496235,1.281908,1.700844,0.000155,1.000005,0.020000,0.271292,0.292108,0.310160,0.306585
9.6410,154.7680,Navigating to 左侧 visual observation pose: (-1.5107; -0.4458; 3.1412),0.000990,-0.499936,1.279837,1.700004,0.000061,0.999998,0.020000,0.271092,0.292013,0.310018,0.306538
9.6627,154.7880,Navigating to 左侧 visual observation pose: (-1.5107; -0.4458; 3.1412),0.000990,-0.499936,1.279837,1.700004,0.000061,0.999998,0.020000,0.270932,0.291943,0.309959,0.306446
9.6839,154.8080,Navigating to 左侧 visual observation pose: (-1.5107; -0.4458; 3.1412),0.000437,-0.499855,1.279951,1.700019,0.000069,0.999998,0.020000,0.270886,0.291925,0.309941,0.306438
9.7022,154.8280,Navigating to 左侧 visual observation pose: (-1.5107; -0.4458; 3.1412),0.014696,-0.494098,1.286061,1.700529,0.020474,0.992327,0.020000,0.272832,0.294230,0.310328,0.304157
9.7219,154.8480,Navigating to 左侧 visual observation pose: (-1.5107; -0.4458; 3.1412),0.016579,-0.499846,1.286863,1.698239,0.052750,0.993318,0.020000,0.272686,0.302925,0.316833,0.299586
9.7418,154.8680,Navigating to 左侧 visual observation pose: (-1.5107; -0.4458; 3.1412),0.038797,-0.507017,1.286123,1.695693,0.073709,0.993876,0.020000,0.271014,0.312183,0.325261,0.301230
9.7612,154.8880,Navigating to 左侧 visual observation pose: (-1.5107; -0.4458; 3.1412),-1.246058,-2.559566,0.384560,1.442828,0.684013,1.251190,0.020000,1.227258,1.238281,9.626514,0.981227
9.7813,154.9080,Navigating to 左侧 visual observation pose: (-1.5107; -0.4458; 3.1412),-2.252459,-3.353118,0.569150,1.702200,1.165018,1.318784,0.020000,0.033613,0.833680,8.243138,1.102813
9.8025,154.9280,Navigating to 左侧 visual observation pose: (-1.5107; -0.4458; 3.1412),-1.891810,1.337012,1.378378,1.645427,1.056191,1.033493,0.020000,0.430487,1.033826,4.989379,1.356775
9.8221,154.9480,Navigating to 左侧 visual observation pose: (-1.5107; -0.4458; 3.1412),-1.891810,1.337012,1.378378,1.645427,1.056191,1.033493,0.020000,0.208790,0.635763,2.303333,0.996228
9.8424,154.9680,Navigating to 左侧 visual observation pose: (-1.5107; -0.4458; 3.1412),-1.059789,-0.651831,1.191413,1.763297,0.712638,0.966758,0.020000,-0.010466,0.316230,2.946045,0.560579
9.8607,154.9880,Navigating to 左侧 visual observation pose: (-1.5107; -0.4458; 3.1412),-1.059789,-0.651831,1.191413,1.763297,0.712638,0.966758,0.020000,1.026402,3.674242,4.565702,9.923085
9.8983,155.0080,Navigating to 左侧 visual observation pose: (-1.5107; -0.4458; 3.1412),1.463930,-4.361751,1.434869,3.506021,0.292015,0.928566,0.020000,3.284733,3.671707,5.032363,4.130287
9.9192,155.0280,Navigating to 左侧 visual observation pose: (-1.5107; -0.4458; 3.1412),-0.294382,-1.279616,2.459709,2.701828,-4.846905,0.931274,0.020000,1.023438,2.743616,3.993691,7.951289
9.9424,155.0480,Navigating to 左侧 visual observation pose: (-1.5107; -0.4458; 3.1412),-0.327851,0.693306,2.768618,3.149485,-4.819894,0.883327,0.020000,0.553163,2.636509,2.763849,7.695123
9.9642,155.0680,Navigating to 左侧 visual observation pose: (-1.5107; -0.4458; 3.1412),-0.327851,0.693306,2.768618,3.149485,-4.819894,0.883327,0.020000,1.272265,1.541944,1.159875,2.592467
9.9804,155.0880,Navigating to 左侧 visual observation pose: (-1.5107; -0.4458; 3.1412),-0.314389,-0.525972,1.205635,3.230572,-5.705674,0.923306,0.020000,1.003385,1.285138,1.153559,1.874463
9.9981,155.1080,Navigating to 左侧 visual observation pose: (-1.5107; -0.4458; 3.1412),-0.314389,-0.525972,1.205635,3.230572,-5.705674,0.923306,0.020000,0.636998,1.317925,0.974658,2.245755
10.0185,155.1280,Navigating to 左侧 visual observation pose: (-1.5107; -0.4458; 3.1412),-0.148306,-0.405486,1.270607,4.309032,-6.074899,1.013413,0.020000,0.573417,1.247324,0.983873,1.714075
